Deep_Learning_Prediction,Machine_Learning_Prediction,Final_Prediction
339.50665,43.0,191.25332641601562
327.74496,4.0,165.8724822998047
343.59213,62.0,202.7960662841797
377.6077,177.0,277.30384826660156
376.03693,172.0,274.0184631347656
356.99753,111.0,233.99876403808594
335.31784,26.0,180.65892028808594
357.98083,112.0,234.99041748046875
390.28787,212.0,301.14393615722656
350.42432,81.0,215.712158203125
392.11395,223.0,307.5569763183594
348.33667,75.0,211.6683349609375
337.1476,35.0,186.0738067626953
403.37207,254.0,328.68603515625
333.47318,17.0,175.23658752441406
331.90598,14.0,172.95298767089844
332.87903,16.0,174.43951416015625
357.38013,107.0,232.1900634765625
339.60385,40.0,189.8019256591797
358.80832,116.0,237.40415954589844
365.17654,139.0,252.08827209472656
392.5505,222.0,307.27525329589844
486.4215,488.97,487.69575439453126
377.88272,175.0,276.4413604736328
422.55734,311.0,366.77867126464844
342.9927,49.0,195.99635314941406
369.8539,153.0,261.4269561767578
353.10464,95.0,224.0523223876953
345.14664,62.0,203.5733184814453
334.6025,19.0,176.80125427246094
345.81253,59.0,202.40626525878906
405.1887,259.0,332.09434509277344
379.686,182.0,280.84300231933594
344.56552,62.0,203.2827606201172
497.3204,504.98,501.1502020263672
329.17166,4.0,166.58583068847656
405.28964,260.0,332.6448211669922
354.2599,100.0,227.12994384765625
329.62692,3.0,166.31346130371094
340.16763,32.0,186.0838165283203
382.63083,193.0,287.81541442871094
339.88074,46.0,192.94036865234375
368.3012,145.0,256.6506042480469
448.63132,388.9533333333333,418.7923252360026
353.87357,103.0,228.43678283691406
401.80228,253.0,327.40113830566406
344.2916,58.0,201.1457977294922
396.2034,234.0,315.10169982910156
330.0776,13.0,171.53880310058594
340.72537,49.0,194.86268615722656
360.34872,125.0,242.6743621826172
392.0275,220.0,306.0137481689453
327.7284,5.0,166.36419677734375
346.9014,74.0,210.45069885253906
334.1881,25.0,179.59405517578125
332.17398,18.0,175.0869903564453
493.5545,502.01,497.7822521972656
330.68533,5.0,167.84266662597656
382.99463,194.0,288.497314453125
355.7272,98.0,226.8636016845703
440.0306,363.0133333333333,401.52197123209635
406.55386,264.00666666666666,335.28026509602864
377.2462,175.0,276.1230926513672
400.724,245.0,322.86199951171875
346.93228,68.0,207.4661407470703
331.97263,13.0,172.48631286621094
338.50992,39.0,188.7549591064453
328.47144,4.0,166.2357177734375
434.14487,349.99,392.0674334716797
511.4314,546.0,528.7156982421875
406.9637,265.99333333333334,336.47852396647136
361.94034,120.0,240.9701690673828
334.2538,22.0,178.1269073486328
329.3972,11.0,170.19859313964844
389.25815,210.0,299.6290740966797
351.01645,81.0,216.0082244873047
367.1387,143.0,255.06935119628906
347.17172,77.0,212.0858612060547
379.12616,178.0,278.5630798339844
352.87518,94.0,223.43759155273438
330.24112,13.0,171.6205596923828
380.2997,187.0,283.6498565673828
365.9694,137.0,251.4846954345703
502.71854,523.76,513.2392681884766
357.97714,116.0,236.9885711669922
329.5682,10.0,169.7841033935547
326.6372,2.0,164.318603515625
337.64328,36.0,186.82164001464844
336.05194,25.0,180.52597045898438
451.77945,399.99333333333334,425.886391398112
364.15115,133.0,248.57557678222656
362.9968,132.0,247.49839782714844
390.76044,214.0,302.3802185058594
328.2325,3.0,165.6162567138672
362.03165,121.0,241.5158233642578
333.20633,17.0,175.10316467285156
352.1661,90.0,221.0830535888672
339.08932,36.0,187.54466247558594
335.90805,28.0,181.9540252685547
408.31552,270.0,339.1577606201172
330.29367,8.0,169.14683532714844
333.48312,21.0,177.24156188964844
350.60718,79.0,214.8035888671875
328.05515,6.0,167.02757263183594
356.26578,106.0,231.1328887939453
396.91232,236.0,316.45616149902344
393.2466,223.0,308.12330627441406
343.34952,55.0,199.1747589111328
345.7841,60.0,202.8920440673828
626.3133,811.8366666666667,719.0749800618489
428.5557,332.0,380.27784729003906
366.06857,140.0,253.03428649902344
347.9716,76.0,211.9857940673828
436.74765,359.00666666666666,397.8771584065755
379.3285,185.0,282.16424560546875
339.41458,30.0,184.70729064941406
379.58633,185.0,282.2931671142578
330.8044,13.0,171.90220642089844
432.23276,342.99666666666667,387.614712117513
351.19833,89.0,220.0991668701172
333.2938,23.0,178.1468963623047
332.42587,16.0,174.2129364013672
330.01834,11.0,170.50917053222656
464.65964,431.99666666666667,448.3281520589193
374.92453,170.0,272.46226501464844
365.40585,143.0,254.2029266357422
474.43536,455.99666666666667,465.21601521809896
342.96097,53.0,197.98048400878906
352.5105,84.0,218.2552490234375
550.3929,639.74,595.0664416503906
379.84616,186.0,282.92308044433594
492.44754,496.9,494.67377014160155
334.6569,18.0,176.3284454345703
423.4473,313.0,368.22364807128906
336.6102,34.0,185.3050994873047
329.22855,7.0,168.11427307128906
352.23245,90.0,221.11622619628906
327.59634,6.0,166.7981719970703
390.8918,217.0,303.94590759277344
328.11316,4.0,166.05657958984375
387.91782,207.0,297.4589080810547
353.2314,99.0,226.11570739746094
484.61703,482.0133333333333,483.31518412272135
412.5677,278.98333333333335,345.7755106608073
360.3076,116.0,238.15379333496094
362.21335,127.0,244.60667419433594
364.0941,136.0,250.0470428466797
328.895,5.0,166.94749450683594
342.49332,53.0,197.7466583251953
329.44473,7.0,168.2223663330078
366.28754,142.0,254.14376831054688
449.96054,391.00333333333333,420.48193705240885
395.6899,229.0,312.34495544433594
328.56094,6.0,167.2804718017578
414.73874,288.99666666666667,351.8677028401693
352.70404,90.0,221.35202026367188
419.5858,302.0,360.7928924560547
329.7724,7.0,168.38619995117188
359.20694,122.0,240.6034698486328
581.76526,711.4633333333334,646.6142960611979
334.22296,17.0,175.61148071289062
336.85153,28.0,182.42576599121094
360.2206,115.0,237.6103057861328
340.67093,49.0,194.83546447753906
473.82233,452.0,462.9111633300781
340.95987,50.0,195.4799346923828
388.2737,210.0,299.13685607910156
363.2674,129.0,246.13369750976562
412.32623,280.0,346.1631164550781
433.22647,339.00666666666666,386.11656880696614
347.5391,72.0,209.76954650878906
415.2664,291.0,353.13319396972656
340.93552,39.0,189.96775817871094
391.00955,218.0,304.50477600097656
493.4977,499.05,496.2738555908203
332.20795,16.0,174.10397338867188
333.77475,24.0,178.8873748779297
371.00604,156.0,263.5030212402344
375.73492,172.0,273.8674621582031
517.5691,556.6566666666666,537.1128792317709
354.06766,101.0,227.53382873535156
356.82858,108.0,232.41429138183594
436.25174,355.0,395.62586975097656
332.10574,15.0,173.55287170410156
448.7348,390.00333333333333,419.36906778971354
383.83444,195.0,289.41722106933594
327.47586,2.0,164.73793029785156
460.03677,419.99,440.0133868408203
507.00174,537.94,522.4708697509766
329.53387,4.0,166.76693725585938
341.29843,51.0,196.1492156982422
330.86496,9.0,169.93247985839844
328.66055,5.0,166.8302764892578
380.65988,185.0,282.82994079589844
528.3505,591.0333333333333,559.6919291178385
355.41183,108.0,231.70591735839844
361.5554,125.0,243.27769470214844
432.6373,347.00666666666666,389.8219826253255
453.81204,395.01,424.41102111816406
331.1971,12.0,171.5985565185547
390.5476,216.0,303.2738037109375
362.14713,126.0,244.0735626220703
343.94907,58.0,200.9745330810547
365.29062,139.0,252.1453094482422
454.96555,399.8433333333333,427.40443949381506
351.633,84.0,217.81649780273438
369.29617,151.0,260.14808654785156
329.61276,3.0,166.30638122558594
424.968,318.0,371.48399353027344
362.4852,129.0,245.7425994873047
549.0556,639.89,594.4728015136718
481.33334,468.8466666666667,475.09000508626303
424.38974,322.00333333333333,373.19653666178385
389.66202,211.0,300.3310089111328
449.88528,395.01,422.44764221191406
333.79996,23.0,178.3999786376953
564.9106,678.5666666666667,621.7386250813802
353.35727,99.0,226.1786346435547
391.19012,217.0,304.0950622558594
329.28983,8.0,168.64491271972656
444.42825,370.98,407.7041265869141
389.87308,215.0,302.43653869628906
456.83572,411.9633333333333,434.39952860514325
338.65024,36.0,187.3251190185547
375.99332,172.0,273.9966583251953
362.46582,132.0,247.23291015625
337.25592,34.0,185.62796020507812
403.95853,256.0,329.97926330566406
379.6164,185.0,282.3081970214844
340.47562,45.0,192.73780822753906
430.02805,331.0,380.51402282714844
329.63394,6.0,167.8169708251953
354.79453,102.0,228.3972625732422
446.17807,379.92333333333335,413.0507017008464
412.53876,282.0,347.2693786621094
327.5156,3.0,165.25779724121094
356.22513,107.0,231.61256408691406
370.4457,157.0,263.7228546142578
391.9424,220.0,305.97120666503906
334.81082,23.0,178.90541076660156
448.0194,383.97333333333336,415.99637125651043
369.8301,156.0,262.91505432128906
340.02026,44.0,192.0101318359375
350.12604,86.0,218.06301879882812
421.52023,309.01,365.26511657714843
418.6324,299.0,358.8161926269531
543.44556,628.1733333333333,585.8094449869791
335.00632,23.0,179.00315856933594
364.23312,137.0,250.61656188964844
334.08902,18.0,176.0445098876953
454.3281,397.99666666666667,426.1623805745443
409.78043,275.99666666666667,342.88854634602865
356.88126,107.0,231.9406280517578
341.3701,46.0,193.68504333496094
489.74942,492.03,490.8897100830078
328.28824,4.0,166.1441192626953
332.34644,12.0,172.1732177734375
345.95193,66.0,205.97596740722656
351.2892,85.0,218.1446075439453
331.24554,11.0,171.12277221679688
328.55804,5.0,166.77902221679688
328.2959,7.0,167.64794921875
458.131,414.0733333333333,436.10217264811195
399.91928,243.0,321.4596405029297
334.4548,26.0,180.22740173339844
362.0712,125.0,243.5355987548828
446.31674,379.92,413.1183709716797
330.2983,11.0,170.64915466308594
423.91312,317.99666666666667,370.9548915608724
331.46426,15.0,173.2321319580078
333.1127,13.0,173.0563507080078
472.09915,447.97,460.0345758056641
330.89975,11.0,170.9498748779297
386.38248,199.0,292.6912384033203
549.10657,649.1633333333333,599.134950358073
378.9863,177.0,277.99314880371094
327.01657,2.0,164.50828552246094
394.13797,230.0,312.06898498535156
423.1392,316.0,369.56959533691406
330.92203,17.0,173.9610137939453
346.32547,64.0,205.16273498535156
360.49112,122.0,241.2455596923828
342.17502,49.0,195.58750915527344
422.39392,309.99666666666667,366.1952937825521
335.3513,20.0,177.67564392089844
330.4501,4.0,167.2250518798828
372.46005,162.0,267.2300262451172
329.16696,11.0,170.08348083496094
330.91794,11.0,170.95896911621094
366.38718,145.0,255.69358825683594
473.85416,453.1066666666667,463.48041158040365
519.5101,559.0466666666666,539.2783687337239
328.22598,6.0,167.1129913330078
360.01572,115.0,237.5078582763672
381.03992,189.0,285.01995849609375
449.1757,385.00666666666666,417.09117818196614
562.93317,670.7866666666666,616.8599165852864
335.77133,31.0,183.3856658935547
329.6017,11.0,170.3008575439453
543.57587,626.8066666666666,585.1912666829427
375.03357,165.0,270.01678466796875
328.43115,6.0,167.215576171875
461.04443,419.99333333333334,440.51888346354167
387.81314,208.0,297.9065704345703
331.5122,15.0,173.256103515625
375.58682,170.0,272.7934112548828
393.2274,221.0,307.1136932373047
327.70676,8.0,167.85337829589844
466.73544,437.00333333333333,451.86938822428385
393.11972,221.0,307.0598602294922
513.1097,552.93,533.0198400878905
656.2549,871.37,763.81244140625
464.32034,424.99333333333334,444.65683817545573
328.22537,6.0,167.11268615722656
438.51028,358.99666666666667,398.7534755452474
328.61453,5.0,166.80726623535156
335.67245,31.0,183.3362274169922
490.9006,493.01,491.95530212402343
389.0643,213.0,301.0321502685547
373.45322,163.0,268.2266082763672
330.0183,13.0,171.5091552734375
365.98288,143.0,254.49143981933594
327.77087,6.0,166.88543701171875
390.50974,216.0,303.25486755371094
329.46988,4.0,166.7349395751953
370.6832,152.0,261.3415985107422
549.69556,646.04,597.8677783203125
359.70035,114.0,236.8501739501953
370.9711,159.0,264.9855499267578
612.8078,784.0733333333334,698.440566813151
358.7442,107.0,232.87210083007812
374.77014,168.0,271.38507080078125
370.12106,156.0,263.06053161621094
387.10876,204.0,295.55438232421875
380.14468,186.0,283.0723419189453
374.3397,166.0,270.1698455810547
331.5964,14.0,172.79820251464844
380.7783,186.0,283.38914489746094
400.15976,241.99666666666667,321.0782130940755
416.01556,294.01666666666665,355.0161153157552
331.47592,13.0,172.2379608154297
370.47256,155.0,262.7362823486328
346.82016,66.0,206.4100799560547
350.81277,84.0,217.40638732910156
330.47104,10.0,170.2355194091797
386.8359,204.0,295.41795349121094
327.72714,1.0,164.3635711669922
333.99728,24.0,178.99864196777344
326.6071,3.0,164.8035430908203
466.08643,435.00666666666666,450.54654622395833
346.66287,64.0,205.33143615722656
396.13248,229.0,312.5662384033203
381.64438,188.0,284.8221893310547
407.92368,270.0,338.9618377685547
420.49063,304.0,362.2453155517578
375.97968,172.0,273.9898376464844
328.70328,5.0,166.8516387939453
331.17874,16.0,173.58937072753906
368.87033,147.0,257.93516540527344
380.64194,186.0,283.3209686279297
340.20636,47.0,193.60317993164062
377.8323,176.0,276.91615295410156
362.3342,129.0,245.66709899902344
438.05826,361.0,399.5291290283203
403.54126,256.0,329.7706298828125
393.808,226.0,309.9040069580078
331.2804,12.0,171.64019775390625
481.82516,468.04,474.9325823974609
362.75015,130.0,246.3750762939453
362.59976,133.0,247.7998809814453
562.7254,667.9566666666667,615.341034749349
405.45544,258.0,331.72772216796875
336.30264,28.0,182.1513214111328
331.5026,8.0,169.7512969970703
371.03732,154.0,262.51866149902344
394.9608,234.0,314.4803924560547
351.8145,87.0,219.40725708007812
525.9179,584.9933333333333,555.4556205240885
519.7464,565.0266666666666,542.386532796224
327.96976,2.0,164.98487854003906
346.65378,70.0,208.32688903808594
350.1766,76.0,213.0883026123047
346.23615,69.0,207.61807250976562
346.52072,62.0,204.26036071777344
335.40134,15.0,175.20066833496094
353.07248,90.0,221.53623962402344
331.89938,20.0,175.94969177246094
330.53586,11.0,170.76792907714844
445.5981,377.00666666666666,411.30239034016927
360.72598,122.0,241.3629913330078
407.59216,267.0,337.29608154296875
428.79294,329.02666666666664,378.90980244954426
336.5426,32.0,184.27130126953125
351.5002,89.0,220.25010681152344
327.4267,6.0,166.71334838867188
330.87814,11.0,170.93907165527344
336.7421,31.0,183.8710479736328
414.0681,286.00333333333333,350.03572428385417
360.68784,124.0,242.3439178466797
327.10757,6.0,166.5537872314453
439.75644,358.0,398.8782196044922
432.61264,347.00333333333333,389.80798685709635
399.8533,244.0,321.92665100097656
327.42966,5.0,166.21482849121094
422.0895,311.0,366.5447540283203
365.40402,134.0,249.70201110839844
528.80817,586.0133333333333,557.4107499186198
358.93097,115.0,236.96548461914062
381.90036,191.0,286.45018005371094
332.15952,17.0,174.5797576904297
588.7382,729.3633333333333,659.0507767740885
334.65115,26.0,180.32557678222656
330.501,7.0,168.75050354003906
413.77264,285.0,349.3863220214844
371.67813,160.0,265.8390655517578
334.99478,19.0,176.9973907470703
327.27457,3.0,165.1372833251953
382.30942,190.0,286.1547088623047
392.31216,222.0,307.1560821533203
441.44116,369.89,405.6655810546875
380.91315,185.0,282.9565734863281
369.92252,154.0,261.9612579345703
585.2983,721.8466666666667,653.5724727376303
328.82913,2.0,165.41456604003906
372.75278,161.0,266.8763885498047
379.09048,180.0,279.5452423095703
364.8978,142.0,253.4488983154297
349.45688,78.0,213.7284393310547
541.1288,617.77,579.4493920898437
414.99265,286.99666666666667,350.9946559651693
351.75876,84.0,217.87937927246094
346.47778,68.0,207.2388916015625
328.69412,6.0,167.34706115722656
328.97134,6.0,167.4856719970703
354.6229,98.0,226.3114471435547
555.78827,653.64,604.7141345214843
413.413,283.0,348.2064971923828
366.65317,144.0,255.3265838623047
384.06778,194.0,289.0338897705078
331.05893,12.0,171.5294647216797
330.06418,8.0,169.03208923339844
338.57095,39.0,188.7854766845703
332.06558,15.0,173.5327911376953
362.74005,130.0,246.37002563476562
440.08615,367.88,403.98307556152344
342.70657,52.0,197.35328674316406
352.59244,87.0,219.7962188720703
403.5866,256.0,329.7933044433594
362.84668,135.0,248.92333984375
328.20963,5.0,166.6048126220703
387.25632,206.0,296.62815856933594
336.03653,29.0,182.5182647705078
404.50266,259.0,331.75132751464844
327.05142,2.0,164.5257110595703
370.49078,157.0,263.7453918457031
326.43356,4.0,165.21678161621094
335.61984,26.0,180.80992126464844
350.91415,83.0,216.9570770263672
326.5071,2.0,164.25355529785156
358.3002,117.0,237.6501007080078
335.23077,27.0,181.11538696289062
355.20236,102.0,228.60118103027344
410.0853,274.0,342.0426483154297
343.44485,50.0,196.72242736816406
352.94293,91.0,221.97146606445312
343.64685,54.0,198.82342529296875
341.33566,45.0,193.16783142089844
366.00565,142.0,254.00282287597656
404.34006,255.0,329.67002868652344
479.30215,462.94,471.12107727050784
384.97263,198.0,291.48631286621094
343.54367,55.0,199.27183532714844
421.6617,307.0,364.3308563232422
398.64084,246.0,322.32041931152344
336.82385,33.0,184.91192626953125
555.68036,655.7533333333333,605.716846110026
420.04214,304.0,362.0210723876953
584.4732,722.5366666666666,653.5049361165364
397.96756,237.0,317.48377990722656
346.63937,64.0,205.31968688964844
346.7559,71.0,208.87794494628906
423.0785,313.0,368.03924560546875
332.6509,17.0,174.82545471191406
422.8486,317.00333333333333,369.9259678141276
339.5989,40.0,189.79945373535156
403.95218,254.0,328.97608947753906
410.0049,275.00333333333333,342.5041233317057
594.56415,744.35,669.4570739746093
399.82938,242.0,320.91468811035156
353.26004,93.0,223.13002014160156
335.3264,28.0,181.66319274902344
393.4977,225.0,309.2488555908203
345.35843,65.0,205.17921447753906
410.12305,275.99666666666667,343.05985677083333
371.43314,157.0,264.21656799316406
446.39426,377.01,411.70212829589843
364.59787,134.0,249.29893493652344
363.58328,135.0,249.29164123535156
374.90866,172.0,273.45433044433594
359.08868,118.0,238.54434204101562
496.54886,504.9766666666667,500.7627626546224
396.63107,235.0,315.81553649902344
362.6237,132.0,247.3118438720703
339.68185,43.0,191.34092712402344
337.79135,36.0,186.8956756591797
347.87595,76.0,211.93797302246094
340.18216,50.0,195.09107971191406
419.6556,305.0,362.3278045654297
355.5721,107.0,231.2860565185547
379.4357,181.0,280.2178497314453
329.60196,14.0,171.8009796142578
526.79987,584.0433333333333,555.4215995279948
379.29297,184.0,281.646484375
383.8381,195.0,289.41905212402344
345.41336,68.0,206.70668029785156
331.00406,16.0,173.5020294189453
327.7535,2.0,164.8767547607422
344.37204,52.0,198.18601989746094
328.80466,11.0,169.90232849121094
330.20462,10.0,170.10231018066406
512.8556,550.86,531.8577954101563
399.37933,239.99666666666667,319.6880000813802
383.94943,197.0,290.47471618652344
356.84048,109.0,232.9202423095703
345.90964,59.0,202.45481872558594
339.53928,43.0,191.26963806152344
505.07468,532.88,518.977338256836
446.17227,377.0,411.5861358642578
355.33115,99.0,227.1655731201172
434.3273,349.99666666666667,392.16198384602865
328.2471,8.0,168.12355041503906
465.07123,424.99333333333334,445.03228068033854
513.87805,554.9166666666666,534.3973592122395
361.01398,125.0,243.00698852539062
403.1504,253.0,328.0751953125
451.18802,388.9533333333333,420.07067606608075
386.49777,202.0,294.24888610839844
423.0507,317.0,370.0253448486328
402.1378,251.0,326.5688934326172
340.06244,37.0,188.53121948242188
417.2268,295.99333333333334,356.61006998697917
330.5893,10.0,170.29464721679688
334.84036,20.0,177.42018127441406
353.47684,94.0,223.73841857910156
434.83615,350.99666666666667,392.9164088948568
366.24216,139.0,252.62107849121094
587.8854,723.36,655.6226879882813
514.2335,550.9333333333333,532.583426920573
402.2236,248.0,325.11180114746094
473.64783,450.88,462.26391357421875
337.01688,31.0,184.00843811035156
475.2271,455.99333333333334,465.6102225748698
359.5765,120.0,239.7882537841797
329.21445,2.0,165.6072235107422
356.96918,108.0,232.48458862304688
357.68762,105.0,231.34381103515625
350.62274,84.0,217.31137084960938
358.04025,116.0,237.02012634277344
331.16214,10.0,170.58106994628906
361.3429,123.0,242.17144775390625
365.78244,138.0,251.89122009277344
331.40967,12.0,171.704833984375
365.21133,135.0,250.1056671142578
669.5843,899.86,784.7221447753907
337.41364,33.0,185.20681762695312
472.53818,446.02666666666664,459.2824220784505
383.63824,190.0,286.8191223144531
330.303,12.0,171.15150451660156
403.8482,254.0,328.9241027832031
351.37802,83.0,217.1890106201172
396.87863,233.0,314.93931579589844
370.17712,152.0,261.08856201171875
389.7441,213.0,301.37205505371094
340.66306,51.0,195.83152770996094
360.62567,121.0,240.81283569335938
416.946,297.0,356.97300720214844
387.01993,204.0,295.5099639892578
330.3989,11.0,170.69944763183594
332.85477,21.0,176.92738342285156
393.39597,223.0,308.19798278808594
415.20218,288.0,351.60108947753906
355.8984,100.0,227.94920349121094
481.73215,473.0,477.36607360839844
343.35623,55.0,199.17811584472656
341.66183,50.0,195.83091735839844
336.2709,30.0,183.1354522705078
332.58728,16.0,174.29364013671875
413.99606,286.0,349.99803161621094
453.36908,399.13,426.2495397949219
487.31357,485.99666666666667,486.6551173909505
529.5672,590.9966666666667,560.281933186849
338.02298,37.0,187.51148986816406
346.82986,63.0,204.91493225097656
353.59872,93.0,223.2993621826172
452.60397,396.06333333333333,424.3336533610026
347.7427,78.0,212.87135314941406
391.30246,219.0,305.15122985839844
411.28915,278.00666666666666,344.6479103597005
375.89352,171.0,273.44676208496094
407.42374,265.00333333333333,336.2135349527995
329.2194,8.0,168.6096954345703
552.65314,644.6766666666666,598.664901936849
388.68277,209.0,298.8413848876953
478.44272,460.68333333333334,469.5630259195964
409.4436,272.0,340.7218017578125
565.0302,681.0866666666667,623.0584395345052
375.1476,172.0,273.5738067626953
370.74286,156.0,263.3714294433594
326.41965,2.0,164.20982360839844
377.10928,175.0,276.0546417236328
426.57925,324.0133333333333,375.296293741862
362.1727,128.0,245.0863494873047
333.4266,22.0,177.7133026123047
497.7399,516.0133333333333,506.876616007487
482.70108,471.96,477.33054016113283
329.29514,2.0,165.64756774902344
374.33417,170.0,272.1670837402344
338.02817,35.0,186.5140838623047
389.7395,212.0,300.8697509765625
443.36203,370.93333333333334,407.14768168131513
335.1227,16.0,175.5613555908203
347.2292,75.0,211.11459350585938
336.58212,31.0,183.7910614013672
433.08237,339.97,386.5261834716797
339.80887,45.0,192.40443420410156
351.56064,92.0,221.7803192138672
428.63354,333.99,381.3117724609375
335.58344,28.0,181.79171752929688
328.41275,4.0,166.2063751220703
446.40085,383.98333333333335,415.1920908610026
342.45425,46.0,194.2271270751953
487.5958,483.01666666666665,485.3062306722005
416.19,291.0,353.5950012207031
409.26663,274.0,341.63331604003906
429.9942,333.99333333333334,381.9937674967448
356.3023,102.0,229.15115356445312
334.67136,25.0,179.83567810058594
340.25912,43.0,191.6295623779297
342.75424,57.0,199.8771209716797
382.26242,194.0,288.13121032714844
329.85202,3.0,166.42601013183594
565.8449,675.7633333333333,620.804121500651
376.32666,176.0,276.163330078125
330.929,12.0,171.46449279785156
386.45847,203.0,294.72923278808594
339.96262,43.0,191.48130798339844
331.0075,13.0,172.00375366210938
327.98703,1.0,164.49351501464844
347.20016,73.0,210.10008239746094
569.77203,686.3333333333334,628.0526835123699
402.86166,253.0,327.9308319091797
336.0527,26.0,181.02635192871094
386.23575,202.0,294.1178741455078
447.62906,388.93,418.27952941894534
399.60223,244.0,321.8011169433594
350.68744,77.0,213.84371948242188
363.4825,135.0,249.2412567138672
411.57806,278.00666666666666,344.7923653157552
351.69595,87.0,219.3479766845703
329.75717,10.0,169.8785858154297
330.23807,11.0,170.61903381347656
333.4031,16.0,174.70155334472656
356.98224,112.0,234.49111938476562
389.46854,214.0,301.73426818847656
437.47607,356.94666666666666,397.21137044270836
377.96384,176.0,276.98191833496094
390.57468,217.0,303.78733825683594
348.3273,75.0,211.6636505126953
418.66428,304.0,361.33213806152344
337.25983,32.0,184.62991333007812
635.3405,834.3166666666667,734.8285909016927
393.47556,222.0,307.73777770996094
458.62582,415.9,437.2629119873047
369.92953,151.0,260.4647674560547
349.4209,77.0,213.21044921875
352.05002,88.0,220.02500915527344
331.5284,10.0,170.7642059326172
462.2584,425.01,443.6341961669922
401.14584,248.0,324.5729217529297
342.24152,55.0,198.62075805664062
376.78406,171.0,273.89202880859375
338.81903,40.0,189.40951538085938
537.47284,606.9066666666666,572.1897530110678
326.10886,1.0,163.55442810058594
340.82983,48.0,194.4149169921875
378.87326,179.0,278.93663024902344
333.23203,20.0,176.6160125732422
356.04382,102.0,229.02191162109375
378.30963,180.0,279.1548156738281
344.4877,55.0,199.7438507080078
412.74112,281.0,346.8705596923828
338.90756,38.0,188.4537811279297
340.87717,46.0,193.43858337402344
377.81454,179.0,278.4072723388672
344.44278,54.0,199.2213897705078
377.2454,177.0,277.12269592285156
353.84683,95.0,224.4234161376953
333.84122,23.0,178.4206085205078
348.8323,71.0,209.91615295410156
336.75543,27.0,181.87771606445312
416.43436,293.0,354.71717834472656
381.72714,187.0,284.3635711669922
402.16678,251.0,326.58338928222656
443.44376,370.94,407.19187805175784
462.75986,418.01,440.3849285888672
343.80325,52.0,197.90162658691406
335.20248,28.0,181.6012420654297
476.15463,457.01,466.5823162841797
329.7767,9.0,169.3883514404297
342.62997,52.0,197.3149871826172
373.729,163.0,268.364501953125
328.9366,4.0,166.4683074951172
363.73682,138.0,250.868408203125
331.98663,18.0,174.99331665039062
521.8134,569.07,545.441707763672
332.70255,22.0,177.3512725830078
329.30276,6.0,167.65138244628906
341.272,49.0,195.13600158691406
352.92435,97.0,224.96217346191406
329.05157,5.0,167.02578735351562
451.3072,392.01666666666665,421.66192830403645
367.41214,147.0,257.20606994628906
333.32617,18.0,175.6630859375
484.84262,483.0,483.9213104248047
398.0386,241.00333333333333,319.5209690348307
360.86905,118.0,239.4345245361328
364.68747,136.0,250.34373474121094
408.98773,269.0,338.9938659667969
332.74728,16.0,174.37364196777344
357.00027,106.0,231.50013732910156
354.14902,91.0,222.5745086669922
361.84482,127.0,244.4224090576172
337.97476,37.0,187.4873809814453
423.40405,312.0,367.7020263671875
328.07404,6.0,167.03701782226562
382.87863,190.0,286.43931579589844
327.63766,2.0,164.81883239746094
346.5949,66.0,206.29745483398438
327.21988,5.0,166.1099395751953
661.6134,886.1866666666666,773.9000349934895
329.6831,7.0,168.341552734375
391.52695,222.0,306.7634735107422
330.80167,13.0,171.9008331298828
354.7607,100.0,227.38035583496094
347.47107,68.0,207.73553466796875
420.06497,304.0,362.03248596191406
334.3366,16.0,175.16830444335938
473.91074,453.83666666666664,463.8737013753255
613.09717,782.6133333333333,697.8552506510416
335.37405,19.0,177.18702697753906
346.9124,71.0,208.95620727539062
412.49313,285.0,348.74656677246094
514.7713,553.7533333333333,534.2623173014323
328.6592,6.0,167.32960510253906
378.5485,181.0,279.7742462158203
328.7341,2.0,165.36705017089844
356.20013,107.0,231.60006713867188
362.2952,129.0,245.64759826660156
344.80075,64.0,204.40037536621094
338.95847,40.0,189.47923278808594
372.8705,165.0,268.9352569580078
352.0869,94.0,223.04345703125
351.90936,94.0,222.95468139648438
350.83133,79.0,214.91566467285156
344.22098,64.0,204.11048889160156
364.85287,136.0,250.4264373779297
350.81308,84.0,217.4065399169922
349.7012,78.0,213.85060119628906
368.2232,149.0,258.6116027832031
357.692,115.0,236.3459930419922
330.7837,7.0,168.891845703125
418.9085,299.0,358.9542541503906
511.73383,550.8366666666667,531.2852461751302
326.7365,1.0,163.86825561523438
352.71817,88.0,220.3590850830078
406.9868,266.00666666666666,336.49672627766927
329.96054,11.0,170.4802703857422
347.05972,70.0,208.5298614501953
341.74323,52.0,196.87161254882812
434.55807,350.99333333333334,392.7757041422526
386.72916,203.0,294.8645782470703
340.8768,47.0,193.9384002685547
336.98898,35.0,185.99449157714844
438.8989,359.0,398.94944763183594
387.8954,209.0,298.44769287109375
441.60135,367.0,404.30067443847656
422.21292,312.0,367.10646057128906
454.44052,405.0133333333333,429.72692728678385
358.0601,106.0,232.03004455566406
335.47336,26.0,180.73667907714844
341.87906,45.0,193.4395294189453
374.1862,164.0,269.0930938720703
337.2253,32.0,184.61265563964844
392.82635,224.0,308.4131774902344
358.56522,107.0,232.78260803222656
338.18753,38.0,188.09376525878906
364.3215,136.0,250.16075134277344
346.08255,69.0,207.54127502441406
332.33963,14.0,173.16981506347656
387.31567,207.0,297.1578369140625
330.69345,8.0,169.3467254638672
335.20697,26.0,180.60348510742188
385.61935,199.0,292.30967712402344
376.4855,174.0,275.2427520751953
337.5726,22.0,179.7863006591797
354.27325,99.0,226.63662719726562
428.83084,329.9866666666667,379.4087538655599
330.0104,11.0,170.5052032470703
349.62286,77.0,213.31143188476562
414.1076,285.0,349.5538024902344
552.0932,652.8133333333334,602.4532670084636
339.62146,46.0,192.81072998046875
441.56528,360.00333333333333,400.78430521647135
413.93118,286.0,349.96559143066406
350.09232,78.0,214.04615783691406
452.32816,396.9633333333333,424.64574442545575
459.83328,413.01,436.42164123535156
430.42606,337.0,383.71302795410156
338.3555,33.0,185.67774963378906
366.17715,144.0,255.0885772705078
334.89743,26.0,180.44871520996094
346.72794,69.0,207.8639678955078
336.551,31.0,183.77549743652344
386.58878,202.0,294.2943878173828
390.1912,213.0,301.59559631347656
462.9437,422.91,442.92684753417973
363.44598,136.0,249.72299194335938
390.06046,212.0,301.0302276611328
347.35388,75.0,211.17694091796875
347.8064,69.0,208.4031982421875
395.6727,232.0,313.8363494873047
331.08524,10.0,170.54261779785156
598.53217,747.19,672.8610827636719
357.0221,103.0,230.01104736328125
330.6022,12.0,171.3011016845703
374.78024,165.0,269.89012145996094
354.56686,96.0,225.28343200683594
337.62265,29.0,183.3113250732422
330.3669,11.0,170.68345642089844
331.0807,13.0,172.04034423828125
344.90933,66.0,205.4546661376953
439.1697,356.00666666666666,397.5881874593099
333.51468,8.0,170.75733947753906
378.39044,177.0,277.6952209472656
363.79648,130.0,246.8982391357422
444.7311,376.99666666666667,410.86388814290365
329.80222,8.0,168.90110778808594
361.36942,123.0,242.18470764160156
403.73254,255.0,329.36627197265625
422.82016,312.0,367.4100799560547
445.5359,378.00333333333333,411.76961100260417
371.19324,160.0,265.59661865234375
344.31784,64.0,204.15892028808594
368.1842,151.0,259.59210205078125
352.90924,97.0,224.95462036132812
372.07944,162.0,267.0397186279297
336.40308,28.0,182.2015380859375
333.10266,22.0,177.55133056640625
495.20248,504.01666666666665,499.609575398763
373.2908,163.0,268.14540100097656
349.88077,82.0,215.9403839111328
356.95108,110.0,233.4755401611328
337.98724,27.0,182.49362182617188
468.1739,434.9633333333333,451.5686112467448
340.1584,48.0,194.07919311523438
409.14423,272.0,340.5721130371094
351.10483,88.0,219.5524139404297
342.72653,56.0,199.36326599121094
341.77573,49.0,195.3878631591797
410.1349,275.0,342.56744384765625
329.9222,11.0,170.4611053466797
354.85086,94.0,224.42543029785156
328.52383,8.0,168.2619171142578
349.80005,84.0,216.9000244140625
414.83188,288.99666666666667,351.914272664388
328.80338,8.0,168.4016876220703
327.9095,6.0,166.95474243164062
421.88602,309.01,365.44800842285156
515.02655,554.97,534.9982751464844
446.60403,386.00666666666666,416.3053505452474
349.9349,88.0,218.9674530029297
383.5516,195.0,289.2758026123047
391.67514,222.0,306.8375701904297
500.04242,516.9633333333334,508.50287638346356
602.1839,759.9366666666666,681.0602827962239
502.0745,517.6633333333333,509.8689133707682
378.0706,181.0,279.53529357910156
344.6702,63.0,203.83509826660156
330.65692,7.0,168.82846069335938
342.07645,54.0,198.03822326660156
367.63022,143.0,255.3151092529297
351.44644,85.0,218.2232208251953
378.99515,178.0,278.49757385253906
345.07834,61.0,203.03916931152344
354.0615,90.0,222.03074645996094
339.8843,44.0,191.94215393066406
352.1783,93.0,222.5891571044922
334.19418,19.0,176.5970916748047
332.60623,17.0,174.80311584472656
554.2018,643.7366666666667,598.9692244466146
328.28412,3.0,165.64205932617188
328.94437,5.0,166.97218322753906
328.57584,1.0,164.7879180908203
381.02933,184.0,282.51466369628906
436.1316,356.0133333333333,396.07246256510416
328.1226,7.0,167.56129455566406
329.62656,8.0,168.8132781982422
479.15762,472.09,475.62381164550777
328.05368,3.0,165.52684020996094
370.78665,155.0,262.89332580566406
393.8754,228.0,310.9376983642578
339.96484,46.0,192.982421875
329.87564,12.0,170.9378204345703
336.53336,32.0,184.2666778564453
482.5785,468.87666666666667,475.7275789388021
494.3313,504.0733333333333,499.20231608072913
401.74933,249.99,325.86966430664063
342.2612,46.0,194.13059997558594
355.0134,93.0,224.00669860839844
367.6666,148.0,257.8332977294922
329.06873,5.0,167.03436279296875
355.39874,105.0,230.19937133789062
356.81247,105.0,230.90623474121094
364.7777,138.0,251.38885498046875
375.2769,173.0,274.13844299316406
405.58414,262.0,333.7920684814453
373.9814,170.0,271.99070739746094
349.63577,82.0,215.81788635253906
340.51944,47.0,193.7597198486328
461.45963,423.96666666666664,442.71314595540366
359.3702,116.0,237.6851043701172
511.93893,544.7133333333334,528.3261338297526
328.3261,7.0,167.66305541992188
442.1296,361.99666666666667,402.0631374104818
330.29642,9.0,169.64820861816406
352.14645,90.0,221.07322692871094
343.7193,60.0,201.85964965820312
380.97958,186.0,283.4897918701172
404.9231,259.0,331.9615478515625
356.5544,109.0,232.77720642089844
389.59872,213.0,301.2993621826172
329.0662,7.0,168.03309631347656
355.0252,104.0,229.51260375976562
365.38156,138.0,251.69078063964844
339.96982,37.0,188.4849090576172
338.70493,41.0,189.8524627685547
391.5743,216.0,303.7871551513672
450.32837,387.00333333333333,418.66585123697917
341.31454,38.0,189.6572723388672
375.18527,169.0,272.09263610839844
371.99277,163.0,267.4963836669922
326.39725,3.0,164.69862365722656
610.9733,777.3366666666667,694.1549971516927
358.20975,117.0,237.60487365722656
433.3387,344.8433333333333,389.0910239664713
333.62057,20.0,176.81028747558594
331.65176,13.0,172.3258819580078
363.80936,132.0,247.90467834472656
345.3685,66.0,205.6842498779297
662.1837,885.9033333333333,774.0435245768228
417.46143,296.0,356.730712890625
333.29764,21.0,177.14881896972656
395.07114,230.0,312.5355682373047
374.4951,166.0,270.24754333496094
352.13992,94.0,223.06996154785156
330.19882,7.0,168.5994110107422
397.9844,237.0,317.49220275878906
378.6866,183.0,280.8433074951172
334.4075,21.0,177.70375061035156
339.05234,43.0,191.0261688232422
361.8547,122.0,241.92735290527344
373.0535,165.0,269.02674865722656
349.85617,86.0,217.92808532714844
366.6334,143.0,254.8166961669922
351.1642,85.0,218.0821075439453
373.91785,164.0,268.95892333984375
333.28464,20.0,176.64231872558594
340.94858,46.0,193.4742889404297
334.76157,20.0,177.3807830810547
361.1881,126.0,243.59405517578125
357.3061,103.0,230.15304565429688
453.98508,399.1166666666667,426.5508717854818
390.7742,219.0,304.88710021972656
423.9522,317.0,370.4761047363281
339.5346,41.0,190.26730346679688
348.6769,75.0,211.8384552001953
366.39316,147.0,256.6965789794922
459.56033,411.02,435.29016662597655
381.8773,190.0,285.9386444091797
562.31366,671.8133333333334,617.0634965006511
385.6641,201.0,293.33204650878906
369.12177,149.0,259.0608825683594
328.4617,1.0,164.73085021972656
464.09064,426.71,445.40031860351564
426.31174,321.0,373.65586853027344
382.63303,193.0,287.81651306152344
399.13614,242.99666666666667,321.06640279134115
425.51346,319.99666666666667,372.7550624593099
652.3913,866.3333333333334,759.3623148600261
368.88028,147.0,257.9401397705078
468.34396,443.93,456.13698181152347
347.4039,71.0,209.2019500732422
330.72055,13.0,171.8602752685547
351.45468,88.0,219.7273406982422
332.14935,18.0,175.07467651367188
334.28262,22.0,178.1413116455078
415.15292,292.99333333333334,354.07312845865886
325.99643,2.0,163.9982147216797
378.68832,181.0,279.8441619873047
570.8698,689.78,630.3249060058594
355.2939,103.0,229.14695739746094
330.45212,15.0,172.72605895996094
390.9304,220.0,305.46519470214844
329.179,6.0,167.58949279785156
463.0579,423.9866666666667,443.5222792561849
383.11533,192.0,287.5576629638672
359.13205,115.0,237.06602478027344
444.87045,374.0,409.4352264404297
327.8992,4.0,165.94960021972656
395.31552,231.00333333333333,313.15942728678385
358.7911,110.0,234.3955535888672
330.63242,5.0,167.8162078857422
374.3195,171.0,272.6597442626953
328.7892,2.0,165.3946075439453
359.87906,118.0,238.9395294189453
348.3765,75.0,211.68824768066406
375.55566,171.0,273.27783203125
545.04364,626.72,585.8818200683594
331.74765,11.0,171.3738250732422
332.90872,18.0,175.45436096191406
441.25638,367.00666666666666,404.1315224202474
335.5175,25.0,180.2587432861328
334.3748,17.0,175.68739318847656
430.29312,338.00333333333333,384.148227335612
357.19785,107.0,232.0989227294922
431.6143,339.98,385.7971441650391
386.9689,206.0,296.4844512939453
438.5325,355.99666666666667,397.2645839436849
360.87332,120.0,240.43666076660156
328.20297,1.0,164.6014862060547
381.49045,188.0,284.74522399902344
395.82718,232.0,313.91358947753906
380.45932,188.0,284.2296600341797
389.34955,213.0,301.1747741699219
447.2599,382.00333333333333,414.6316105143229
381.27646,188.0,284.6382293701172
386.7153,209.0,297.85765075683594
379.87338,184.0,281.9366912841797
352.6135,87.0,219.80674743652344
394.64365,226.0,310.3218231201172
350.5607,81.0,215.7803497314453
494.1218,500.8933333333333,497.5075644938151
396.06384,235.0,315.53192138671875
332.74896,13.0,172.87448120117188
335.9809,30.0,182.99044799804688
462.13223,425.0133333333333,443.5727829996745
335.8605,25.0,180.4302520751953
408.3987,271.0,339.69935607910156
339.27618,27.0,183.13809204101562
376.39938,175.0,275.69969177246094
445.8481,377.9866666666667,411.9173903401693
366.5235,144.0,255.26174926757812
341.99234,48.0,194.9961700439453
378.12387,179.0,278.5619354248047
448.31512,379.0233333333333,413.66922892252603
339.47488,39.0,189.23744201660156
334.4581,23.0,178.7290496826172
493.6649,504.99,499.3274432373047
378.1304,176.0,277.06520080566406
328.88422,1.0,164.94210815429688
346.63226,70.0,208.31613159179688
339.33932,40.0,189.66966247558594
328.82272,3.0,165.91136169433594
375.36765,169.0,272.18382263183594
372.7311,161.0,266.8655548095703
333.7632,23.0,178.38160705566406
397.59116,236.0,316.7955780029297
375.24112,169.0,272.1205596923828
449.50986,395.0233333333333,422.26659525553384
335.36743,22.0,178.6837158203125
492.8383,495.7966666666667,494.3174770100911
332.20468,10.0,171.1023406982422
370.00516,154.0,262.00257873535156
418.12762,301.99666666666667,360.0621455891927
369.2374,153.0,261.1186981201172
361.1826,122.0,241.59129333496094
500.95566,522.0333333333333,511.49449564615884
387.60947,208.0,297.8047332763672
328.81827,10.0,169.4091339111328
338.9076,38.0,188.45379638671875
409.55148,271.0,340.27574157714844
387.86783,204.0,295.9339141845703
404.9753,262.0,333.48765563964844
363.52036,129.0,246.2601776123047
367.95987,149.0,258.4799346923828
381.39188,186.0,283.69593811035156
348.79486,77.0,212.89743041992188
331.11523,10.0,170.5576171875
345.1215,62.0,203.5607452392578
341.45963,49.0,195.2298126220703
353.8412,98.0,225.92059326171875
347.546,69.0,208.2729949951172
380.3068,184.0,282.1533966064453
363.45956,133.0,248.2297821044922
392.90372,223.0,307.9518585205078
429.6649,335.0,382.3324432373047
345.38913,57.0,201.19456481933594
344.94437,58.0,201.47218322753906
359.1019,120.0,239.5509490966797
350.6518,82.0,216.32589721679688
506.6645,531.0033333333333,518.8339115397135
328.45645,6.0,167.2282257080078
372.10928,164.0,268.0546417236328
356.13834,106.0,231.0691680908203
364.48428,136.0,250.2421417236328
329.52933,12.0,170.76466369628906
480.6615,465.9866666666667,473.3240828450521
520.0292,567.9766666666667,544.0029207356771
331.4217,17.0,174.21084594726562
515.06964,557.94,536.5048205566407
365.02786,132.0,248.51393127441406
582.6107,712.9333333333333,647.7720255533854
333.35364,14.0,173.67681884765625
338.25613,35.0,186.62806701660156
399.68127,242.99666666666667,321.3389705403646
334.47232,18.0,176.2361602783203
337.50192,33.0,185.25096130371094
331.80276,8.0,169.90138244628906
336.06064,29.0,182.5303192138672
419.0306,303.0,361.0153045654297
367.92792,148.0,257.9639587402344
353.10437,86.0,219.55218505859375
429.15353,333.01,381.08176696777343
330.95108,13.0,171.9755401611328
328.39575,10.0,169.1978759765625
557.4372,658.17,607.8035974121094
418.78836,297.00333333333333,357.8958469645182
443.9092,372.98333333333335,408.44627176920574
408.132,268.0,338.0659942626953
351.95868,83.0,217.47933959960938
447.9885,379.91,413.9492474365235
402.4189,253.0,327.70945739746094
334.48468,23.0,178.74234008789062
335.22513,26.0,180.61256408691406
367.76297,151.0,259.38148498535156
517.3825,559.9133333333333,538.6479203287761
344.76175,60.0,202.38087463378906
373.46298,164.0,268.7314910888672
473.4451,456.0,464.72254943847656
382.99374,194.0,288.4968719482422
531.9588,592.8033333333333,562.3810673014323
376.12714,172.0,274.0635681152344
451.27036,388.02666666666664,419.648510945638
329.04776,2.0,165.5238800048828
337.56247,29.0,183.28123474121094
332.26074,16.0,174.13037109375
370.39853,154.0,262.1992645263672
414.4703,286.99666666666667,350.7334865315755
354.5166,104.0,229.25830078125
415.60568,291.0,353.30284118652344
515.46234,554.8833333333333,535.1728373209635
331.05255,17.0,174.02627563476562
489.93924,486.99333333333334,488.46628641764323
680.9904,912.8266666666667,796.9085420735678
419.79953,302.0,360.89976501464844
365.1976,140.0,252.5988006591797
462.46326,422.95,442.7066284179688
337.18637,32.0,184.5931854248047
375.16483,166.0,270.58241271972656
355.8757,99.0,227.43785095214844
613.52527,781.2,697.3626342773438
372.05502,165.0,268.5275115966797
381.3705,188.0,284.6852569580078
351.18307,88.0,219.59153747558594
401.947,254.0,327.97349548339844
340.1785,42.0,191.08924865722656
335.62845,22.0,178.81422424316406
405.25015,261.0,333.1250762939453
417.15054,296.00333333333333,356.576938273112
382.16104,190.0,286.0805206298828
330.69962,6.0,168.3498077392578
412.1838,286.0,349.09190368652344
358.16873,108.0,233.08436584472656
513.96124,553.7066666666667,533.833954671224
450.71628,386.0133333333333,418.3648057047526
339.03146,39.0,189.01573181152344
398.1309,240.0,319.06544494628906
499.71957,517.55,508.63478698730466
451.00052,388.9633333333333,419.98192606608075
369.0321,153.0,261.01605224609375
364.14847,136.0,250.07423400878906
472.8845,453.0133333333333,462.9489121500651
369.76038,154.0,261.88018798828125
441.0493,367.94666666666666,404.4979762776693
429.80536,335.99333333333334,382.89934611002604
338.18527,40.0,189.09263610839844
456.86453,403.99666666666667,430.4305995686849
367.91025,145.0,256.4551239013672
444.8335,379.9433333333333,412.3884147135417
339.3832,43.0,191.1916046142578
329.8536,6.0,167.9268035888672
333.36996,17.0,175.1849822998047
370.41794,156.0,263.20896911621094
501.81992,520.9933333333333,511.40662455240886
354.2752,90.0,222.13760375976562
408.69974,270.0,339.34986877441406
353.47708,95.0,224.23854064941406
390.73517,214.0,302.3675842285156
357.87393,115.0,236.4369659423828
332.33646,18.0,175.16822814941406
331.07275,17.0,174.036376953125
493.1549,495.0233333333333,494.0891202799479
533.186,596.9733333333334,565.0796537272136
384.11343,194.0,289.0567169189453
442.94614,369.87666666666667,406.411401570638
338.77182,41.0,189.8859100341797
394.18506,227.0,310.592529296875
328.95718,9.0,168.9785919189453
446.41534,379.07,412.7426721191406
527.703,583.9766666666667,555.8398347981771
351.73715,86.0,218.8685760498047
341.43845,41.0,191.21922302246094
411.7043,281.0,346.35215759277344
349.32034,80.0,214.66017150878906
329.24774,6.0,167.62387084960938
536.248,609.8866666666667,573.0673262532553
442.31186,373.99666666666667,408.154262898763
376.67386,172.0,274.33692932128906
403.1586,256.0,329.5792999267578
328.2811,6.0,167.1405487060547
463.00754,421.01,442.00876892089843
437.0994,359.00666666666666,398.0530312093099
412.38992,282.0,347.19496154785156
390.42215,216.0,303.21107482910156
392.41623,223.0,307.70811462402344
358.9874,113.0,235.9936981201172
329.12683,2.0,165.56341552734375
357.78772,115.0,236.39385986328125
422.99918,315.0,368.9995880126953
504.48398,525.9033333333333,515.1936558024088
334.78207,12.0,173.3910369873047
420.63608,306.99666666666667,363.816372273763
431.18427,339.0133333333333,385.09879923502604
433.95862,347.93333333333334,390.94597574869795
358.30588,116.0,237.15293884277344
371.1524,161.0,266.0762023925781
362.26993,124.0,243.1349639892578
387.71484,211.0,299.357421875
431.7161,337.0,384.35804748535156
340.21054,47.0,193.6052703857422
421.8876,309.0133333333333,365.4504685465495
327.38358,4.0,165.69178771972656
353.91544,97.0,225.4577178955078
458.53506,418.98333333333335,438.7591990152995
357.7123,108.0,232.8561553955078
388.73703,211.0,299.86851501464844
351.16464,82.0,216.5823211669922
403.48917,259.0,331.2445831298828
342.55264,53.0,197.7763214111328
329.08328,3.0,166.04164123535156
358.8758,117.0,237.93789672851562
362.08783,127.0,244.54391479492188
330.35098,10.0,170.1754913330078
333.8945,25.0,179.44725036621094
356.00937,106.0,231.0046844482422
485.6003,482.1,483.85015563964845
401.3253,248.0,324.6626434326172
351.99966,89.0,220.4998321533203
372.84363,164.0,268.42181396484375
370.57428,153.0,261.7871398925781
329.12183,3.0,166.0609130859375
338.53073,36.0,187.26536560058594
349.85812,85.0,217.42906188964844
351.7889,94.0,222.8944549560547
353.0897,95.0,224.0448455810547
350.70993,87.0,218.85496520996094
340.32983,43.0,191.6649169921875
425.4363,321.0,373.21815490722656
343.01462,50.0,196.50730895996094
438.25906,352.0,395.12953186035156
346.38052,62.0,204.1902618408203
327.7792,4.0,165.8896026611328
349.07016,72.0,210.5350799560547
329.51456,10.0,169.7572784423828
336.80606,24.0,180.4030303955078
394.236,227.0,310.6179962158203
381.27884,185.0,283.13941955566406
396.00266,232.0,314.00132751464844
367.14975,147.0,257.0748748779297
349.80948,78.0,213.9047393798828
369.24026,151.0,260.12013244628906
348.19586,77.0,212.59793090820312
328.5265,1.0,164.76324462890625
331.9554,15.0,173.4777069091797
336.47015,32.0,184.23507690429688
326.67142,2.0,164.33570861816406
329.44742,3.0,166.2237091064453
397.8861,239.00333333333333,318.4447208658854
412.0663,284.0,348.0331573486328
560.2371,671.85,616.0435607910156
332.13242,16.0,174.0662078857422
349.9649,84.0,216.98245239257812
328.95255,8.0,168.4762725830078
327.57703,5.0,166.28851318359375
359.6737,116.0,237.83685302734375
340.34372,46.0,193.17185974121094
418.55533,298.0,358.2776641845703
498.76163,517.0533333333333,507.90748026529945
355.1215,98.0,226.5607452392578
418.46207,297.00333333333333,357.732699991862
331.20804,12.0,171.60401916503906
384.99963,198.0,291.49981689453125
339.9399,38.0,188.96995544433594
362.88943,131.0,246.94471740722656
415.86874,294.93333333333334,355.4010386149089
384.33066,197.0,290.6653289794922
436.28,348.9866666666667,392.6333327229818
330.26083,6.0,168.1304168701172
328.76993,8.0,168.3849639892578
457.4238,417.95,437.68689880371096
334.18848,22.0,178.09423828125
339.14133,41.0,190.07066345214844
541.2359,616.96,579.0979504394531
368.7696,147.0,257.8847961425781
342.09763,56.0,199.04881286621094
414.26645,290.0,352.1332244873047
328.97665,1.0,164.9883270263672
344.26465,55.0,199.63232421875
357.5211,116.0,236.7605438232422
329.09537,6.0,167.5476837158203
328.08713,5.0,166.54356384277344
333.39404,20.0,176.697021484375
346.6787,70.0,208.33935546875
385.79904,201.0,293.39952087402344
335.6868,24.0,179.84339904785156
378.12314,181.0,279.5615692138672
570.95807,687.8366666666667,629.3973677571614
366.9298,142.0,254.46490478515625
355.46353,103.0,229.2317657470703
490.76746,498.00333333333333,494.3853946940104
362.8956,131.0,246.9477996826172
330.38434,7.0,168.69216918945312
381.64233,189.0,285.3211669921875
377.90384,177.0,277.45191955566406
352.15628,95.0,223.57814025878906
361.12033,124.0,242.56016540527344
352.90524,94.0,223.45262145996094
339.23367,42.0,190.61683654785156
540.29706,613.9833333333333,577.140195719401
328.72873,1.0,164.86436462402344
345.61874,69.0,207.3093719482422
327.4391,4.0,165.71954345703125
337.98892,33.0,185.4944610595703
390.77652,220.0,305.3882598876953
337.58524,38.0,187.79261779785156
421.68076,314.0,367.8403778076172
450.1525,398.00666666666666,424.07958150227864
327.70175,4.0,165.8508758544922
338.0481,37.0,187.5240478515625
358.56113,110.0,234.2805633544922
496.01474,512.0166666666667,504.0157033284505
449.51675,396.9533333333333,423.235043741862
478.9214,461.92,470.42069335937504
328.32364,5.0,166.6618194580078
341.88693,43.0,192.44346618652344
399.2007,239.99666666666667,319.5986903889974
481.3597,470.99333333333334,476.17652201334636
397.7512,237.0,317.37559509277344
330.70975,12.0,171.35487365722656
394.88513,228.0,311.44256591796875
331.85184,14.0,172.92591857910156
403.68384,259.0,331.3419189453125
344.38354,59.0,201.6917724609375
417.7368,300.0,358.86839294433594
373.80814,166.0,269.90406799316406
357.88458,113.0,235.44229125976562
353.63373,96.0,224.81686401367188
503.69785,534.8733333333333,519.2855893961589
329.33255,5.0,167.16627502441406
389.73788,212.0,300.8689422607422
346.39087,68.0,207.1954345703125
330.40555,13.0,171.70277404785156
504.00803,529.03,516.5190130615234
369.85654,157.0,263.4282684326172
480.99478,468.08,474.5373907470703
349.7877,82.0,215.8938446044922
352.36462,88.0,220.18231201171875
327.97797,5.0,166.48898315429688
443.5469,367.0,405.27345275878906
365.36697,139.0,252.18348693847656
330.17105,3.0,166.5855255126953
403.94,257.0,330.4700012207031
429.9236,333.99,381.95680725097657
419.93857,301.00333333333333,360.47095072428385
331.64062,6.0,168.8203125
542.0295,623.5866666666667,582.8080733235677
332.6762,16.0,174.33810424804688
340.56796,47.0,193.7839813232422
329.08197,9.0,169.04098510742188
446.2372,376.02666666666664,411.13193990071613
371.80823,157.0,264.40411376953125
408.74704,272.0,340.37351989746094
359.7378,123.0,241.368896484375
369.06735,150.0,259.53367614746094
392.2331,219.0,305.6165466308594
385.17572,200.0,292.5878601074219
329.15323,10.0,169.5766143798828
329.4866,7.0,168.24330139160156
329.11102,7.0,168.05551147460938
422.9747,314.0,368.4873504638672
499.28928,513.93,506.6096380615234
382.44638,188.0,285.2231903076172
328.29376,5.0,166.64688110351562
339.78964,43.0,191.3948211669922
328.4966,6.0,167.24830627441406
408.2898,269.0,338.6448974609375
331.16885,14.0,172.5844268798828
334.9514,18.0,176.47569274902344
482.27432,472.0366666666667,477.15549458821613
330.9025,8.0,169.4512481689453
422.37262,313.0,367.6863098144531
420.88657,309.99,365.4382830810547
417.26605,295.99333333333334,356.62969278971354
427.9157,329.99666666666667,378.9561885579427
335.5043,26.0,180.7521514892578
346.8174,66.0,206.40870666503906
331.04526,12.0,171.5226287841797
352.9756,89.0,220.98779296875
372.0684,160.0,266.03419494628906
363.83804,136.0,249.9190216064453
413.8602,287.0,350.4300994873047
407.50092,266.00666666666666,336.7537910970052
341.81595,53.0,197.40797424316406
328.70667,7.0,167.85333251953125
328.1898,4.0,166.0948944091797
402.50992,257.0,329.7549591064453
464.89545,426.71666666666664,445.8060567220052
501.89886,523.72,512.8094323730469
329.57092,5.0,167.28546142578125
343.2648,48.0,195.6324005126953
343.63525,60.0,201.817626953125
400.0964,244.0,322.04820251464844
398.31497,239.99666666666667,319.1558192952474
345.86966,64.0,204.93482971191406
628.4594,817.22,722.8397058105469
333.05814,12.0,172.52906799316406
339.8283,42.0,190.91415405273438
386.63376,204.0,295.31687927246094
330.87137,13.0,171.93568420410156
353.296,91.0,222.1479949951172
401.31616,249.99,325.6530810546875
389.56448,214.0,301.78224182128906
377.30313,178.0,277.6515655517578
330.61765,10.0,170.30882263183594
387.23557,207.0,297.11778259277344
339.2581,42.0,190.62904357910156
412.48294,283.0,347.74147033691406
405.07016,258.0,331.5350799560547
343.5457,53.0,198.27284240722656
332.52573,19.0,175.7628631591797
375.071,169.0,272.03550720214844
333.01517,16.0,174.50758361816406
388.57614,211.0,299.78807067871094
340.9695,45.0,192.98475646972656
344.87204,57.0,200.93601989746094
409.5718,277.0,343.28590393066406
359.9627,116.0,237.98135375976562
359.0743,110.0,234.5371551513672
569.1698,686.8233333333334,627.9965665690104
335.01627,25.0,180.0081329345703
485.68875,482.00333333333333,483.8460422770182
378.19275,178.0,278.09637451171875
393.50247,223.0,308.25123596191406
344.63535,53.0,198.8176727294922
343.86588,50.0,196.9329376220703
332.6812,16.0,174.34060668945312
359.3408,109.0,234.17039489746094
332.9614,15.0,173.98069763183594
328.9382,7.0,167.96910095214844
347.5694,68.0,207.78469848632812
358.51547,112.0,235.2577362060547
440.68582,361.00333333333333,400.8445774332682
380.99014,187.0,283.9950714111328
346.51163,72.0,209.2558135986328
347.48886,74.0,210.7444305419922
358.3015,111.0,234.6507568359375
441.99283,372.96666666666664,407.47974751790366
490.181,491.0233333333333,490.60216654459634
376.00464,173.0,274.5023193359375
420.4991,308.0,364.2495574951172
419.5513,302.0,360.77565002441406
328.49283,4.0,166.2464141845703
531.6159,590.99,561.3029528808594
330.61032,7.0,168.80516052246094
398.44308,241.00333333333333,319.7232090250651
339.12256,39.0,189.061279296875
401.15457,249.99,325.57228576660157
368.88425,151.0,259.94212341308594
354.384,96.0,225.19200134277344
450.69254,393.02666666666664,421.85960103352863
410.64896,274.0,342.32447814941406
328.12302,5.0,166.56150817871094
329.91498,11.0,170.45748901367188
351.15375,87.0,219.07687377929688
349.03024,74.0,211.51512145996094
343.71323,58.0,200.8566131591797
344.47076,62.0,203.23538208007812
493.2313,500.92,497.0756463623047
344.14932,61.0,202.5746612548828
504.33667,524.9766666666667,514.6566682942708
345.76785,65.0,205.38392639160156
333.82053,20.0,176.91026306152344
458.22586,417.93666666666667,438.0812636311849
393.35086,224.0,308.67543029785156
337.26266,32.0,184.63133239746094
356.6568,107.0,231.82839965820312
521.1347,571.8933333333333,546.5140189615886
503.93967,527.8533333333334,515.8965000406902
375.78442,169.0,272.3922119140625
383.46542,194.0,288.7327117919922
444.10165,372.99333333333334,408.54749369303386
339.2709,39.0,189.1354522705078
383.56448,195.0,289.28224182128906
380.73788,183.0,281.8689422607422
338.44553,39.0,188.72276306152344
570.2139,686.2,628.2069641113281
386.86685,205.0,295.9334259033203
382.20175,190.0,286.1008758544922
337.98978,40.0,188.99488830566406
364.9663,137.0,250.983154296875
540.29126,622.2666666666667,581.2789632161458
384.52347,194.0,289.26173400878906
335.30826,28.0,181.6541290283203
334.21106,11.0,172.60552978515625
359.11624,123.0,241.05812072753906
437.77664,359.99666666666667,398.8866542561849
328.31607,2.0,165.1580352783203
352.26642,88.0,220.13320922851562
346.56354,64.0,205.28176879882812
352.8453,96.0,224.4226531982422
332.97934,22.0,177.4896697998047
382.6606,193.0,287.83030700683594
359.2402,119.0,239.12010192871094
427.34995,326.0,376.6749725341797
559.3441,661.9066666666666,610.6253914388021
362.3408,133.0,247.67039489746094
337.5295,34.0,185.76475524902344
336.219,31.0,183.6094970703125
403.8131,258.0,330.90655517578125
416.99887,297.99,357.4944354248047
380.88083,187.0,283.94041442871094
359.082,118.0,238.54100036621094
417.04407,295.99666666666667,356.5203670247396
374.96146,168.0,271.48072814941406
420.09756,308.0,364.0487823486328
367.08524,140.0,253.54261779785156
398.59827,238.0,318.29913330078125
353.63232,88.0,220.816162109375
330.76636,14.0,172.3831787109375
377.52548,176.0,276.7627410888672
386.6508,204.0,295.3253936767578
385.6166,201.0,293.3083038330078
352.33774,86.0,219.1688690185547
378.89438,181.0,279.9471893310547
337.96683,33.0,185.48341369628906
332.19363,17.0,174.59681701660156
426.32043,324.97333333333336,375.64688395182293
361.8995,123.0,242.4497528076172
458.3463,414.0133333333333,436.1798234049479
361.70755,126.0,243.85377502441406
348.95517,78.0,213.4775848388672
382.75006,190.0,286.3750305175781
350.5048,78.0,214.2523956298828
386.8693,202.0,294.4346466064453
343.86694,54.0,198.9334716796875
381.95224,190.0,285.9761199951172
501.2039,516.06,508.63194396972654
327.5284,4.0,165.7642059326172
329.6898,8.0,168.8448944091797
354.32416,91.0,222.66207885742188
358.35663,108.0,233.17831420898438
385.1661,201.0,293.0830535888672
331.77075,15.0,173.3853759765625
449.16867,383.0,416.08433532714844
404.51926,258.0,331.25962829589844
421.96506,314.0,367.98252868652344
418.59293,300.0,359.2964630126953
361.92987,123.0,242.46493530273438
327.7699,2.0,164.88494873046875
372.22375,160.0,266.11187744140625
327.29272,2.0,164.6463623046875
401.63974,252.0,326.8198699951172
329.6271,11.0,170.3135528564453
337.77554,35.0,186.3877716064453
537.4982,608.75,573.1241149902344
372.7701,167.0,269.8850555419922
334.5464,20.0,177.273193359375
347.13968,71.0,209.06983947753906
330.15665,7.0,168.5783233642578
364.69885,137.0,250.84942626953125
354.4149,93.0,223.7074432373047
337.87283,33.0,185.43641662597656
368.96194,150.0,259.48097229003906
368.1223,148.0,258.0611572265625
330.36865,15.0,172.684326171875
445.16476,385.00666666666666,415.08571553548177
413.78955,286.99666666666667,350.39310872395833
333.44547,17.0,175.2227325439453
359.88342,121.0,240.44171142578125
511.7267,544.6666666666666,528.1966908772786
343.05585,56.0,199.52792358398438
362.1531,132.0,247.07655334472656
439.7162,363.00333333333333,401.3597599283854
354.15176,91.0,222.5758819580078
384.59738,198.0,291.29869079589844
358.6548,118.0,238.327392578125
398.57083,241.00333333333333,319.7870823160807
347.42972,69.0,208.21485900878906
396.6213,234.0,315.31065368652344
330.5336,12.0,171.2667999267578
485.31808,486.9,486.1090423583984
331.7068,12.0,171.8533935546875
460.0023,414.02666666666664,437.014477742513
329.15945,8.0,168.57972717285156
461.29227,419.99666666666667,440.6444667561849
459.08267,410.00333333333333,434.543002726237
345.07077,55.0,200.03538513183594
559.78094,664.81,612.2954724121093
433.09244,344.0733333333333,388.58288553873695
369.21475,148.0,258.6073760986328
448.57657,387.00333333333333,417.7899509684245
343.81128,59.0,201.4056396484375
340.24857,46.0,193.12428283691406
383.25577,191.0,287.1278839111328
363.17166,126.0,244.58583068847656
390.03342,219.0,304.51670837402344
346.35605,65.0,205.6780242919922
377.02158,171.0,274.0107879638672
333.7581,21.0,177.37904357910156
339.6038,42.0,190.80189514160156
393.4096,224.0,308.7048034667969
336.64413,33.0,184.8220672607422
328.50803,5.0,166.75401306152344
326.40012,2.0,164.20005798339844
403.65823,256.0,329.82911682128906
355.27582,103.0,229.13790893554688
393.1564,223.0,308.0782012939453
388.5434,208.0,298.2716979980469
464.72873,421.96666666666664,443.3476979573568
351.62012,86.0,218.81005859375
335.92776,25.0,180.46388244628906
335.29538,27.0,181.14768981933594
350.16464,80.0,215.0823211669922
415.12714,291.0,353.0635681152344
376.1907,170.0,273.09535217285156
379.9437,182.0,280.9718475341797
433.48373,343.00333333333333,388.24353373209635
352.00815,93.0,222.5040740966797
407.51,268.0,337.7550048828125
334.3357,20.0,177.1678466796875
333.12155,19.0,176.06077575683594
335.40152,25.0,180.2007598876953
327.4671,5.0,166.23355102539062
491.34122,493.01,492.1756085205078
366.41452,142.0,254.20726013183594
391.0482,218.0,304.5240936279297
389.2578,213.0,301.12890625
330.26413,12.0,171.13206481933594
328.21686,2.0,165.10842895507812
342.46472,56.0,199.23236083984375
373.13055,164.0,268.5652770996094
355.3132,105.0,230.15660095214844
378.5292,178.0,278.2646026611328
445.7436,376.99333333333334,411.36846232096354
365.05527,136.0,250.5276336669922
350.28122,85.0,217.64060974121094
329.44196,9.0,169.22097778320312
366.4725,142.0,254.2362518310547
332.339,13.0,172.66949462890625
406.2866,263.0,334.64329528808594
429.43692,332.0,380.7184600830078
414.03552,286.00333333333333,350.0194278971354
347.48978,69.0,208.24488830566406
344.87955,60.0,202.4397735595703
445.12558,373.0,409.0627899169922
424.74704,316.0,370.37351989746094
339.86496,46.0,192.93247985839844
369.96872,154.0,261.98435974121094
403.68793,254.0,328.8439636230469
355.83698,109.0,232.41848754882812
336.92517,29.0,182.96258544921875
377.44812,175.0,276.22406005859375
581.88153,718.95,650.4157653808594
348.22427,70.0,209.1121368408203
386.13568,204.0,295.0678405761719
475.09204,454.95666666666665,465.02435384114585
364.5521,136.0,250.2760467529297
332.81677,14.0,173.40838623046875
399.57724,246.0,322.7886199951172
374.82706,170.0,272.4135284423828
387.97537,208.0,297.98768615722656
354.0176,97.0,225.50880432128906
329.62057,7.0,168.31028747558594
351.94016,83.0,217.47007751464844
511.6464,546.91,529.2781964111327
351.0275,86.0,218.5137481689453
342.82828,51.0,196.9141387939453
370.07187,157.0,263.5359344482422
329.9653,10.0,169.98265075683594
500.85727,522.8966666666666,511.876967976888
410.08704,275.0,342.54351806640625
389.3236,214.0,301.66180419921875
362.93295,130.0,246.4664764404297
412.191,280.0,346.0955047607422
344.02472,64.0,204.01235961914062
397.78366,237.0,317.39183044433594
341.2761,48.0,194.63804626464844
460.34268,425.03,442.6863409423828
360.55798,122.0,241.27899169921875
328.38065,2.0,165.19032287597656
422.7397,309.99666666666667,366.3681758626302
357.83664,114.0,235.91831970214844
334.66824,28.0,181.33412170410156
328.97708,1.0,164.98854064941406
356.65884,111.0,233.8294219970703
391.66266,218.0,304.8313293457031
347.0751,68.0,207.5375518798828
443.98965,370.97,407.4798272705078
464.12082,426.7266666666667,445.4237428792318
378.3074,182.0,280.15370178222656
411.49167,275.99666666666667,343.7441676839193
460.90952,419.9533333333333,440.4314243570964
514.64294,551.8766666666667,533.259805501302
329.05893,11.0,170.0294647216797
347.39853,75.0,211.1992645263672
389.32053,209.0,299.16026306152344
393.2189,224.0,308.6094512939453
330.50613,6.0,168.25306701660156
330.7385,8.0,169.36924743652344
340.06992,43.0,191.5349578857422
331.00858,7.0,169.00428771972656
331.3985,17.0,174.19924926757812
369.53,153.0,261.26499938964844
416.7184,294.97333333333336,355.845873819987
334.83994,26.0,180.4199676513672
345.4678,67.0,206.23390197753906
354.8016,101.0,227.9008026123047
355.82272,103.0,229.41136169433594
357.06998,111.0,234.0349884033203
348.14725,71.0,209.57362365722656
412.45474,284.0,348.2273712158203
390.10208,213.0,301.55104064941406
529.6153,588.4066666666666,559.0109810384115
435.86984,350.99,393.42992126464844
359.01755,115.0,237.00877380371094
397.8917,240.0,318.9458465576172
331.4739,10.0,170.73695373535156
327.5411,5.0,166.2705535888672
525.14,578.1,551.6200073242187
401.77585,249.00333333333333,325.3895908610026
423.12888,315.0,369.06443786621094
341.56485,45.0,193.2824249267578
366.80914,140.0,253.40457153320312
395.59558,232.0,313.79779052734375
327.84302,8.0,167.9215087890625
328.19595,2.0,165.0979766845703
442.1947,369.88666666666666,406.0406844075521
418.0733,300.0,359.0366516113281
358.95218,119.0,238.97608947753906
354.8002,103.0,228.9001007080078
412.56918,282.0,347.2845916748047
338.5431,27.0,182.77154541015625
369.10092,149.0,259.0504608154297
381.82474,187.0,284.41236877441406
373.86005,165.0,269.4300231933594
338.2125,37.0,187.6062469482422
332.63278,19.0,175.81639099121094
394.4928,230.0,312.24639892578125
501.44104,518.9333333333333,510.1871866861979
476.4745,463.98,470.22724365234376
436.19803,344.85,390.5240142822266
426.15524,324.02,375.0876214599609
354.5245,101.0,227.7622528076172
361.20813,122.0,241.60406494140625
367.00467,145.0,256.00233459472656
557.0146,661.96,609.4872937011719
394.77695,234.0,314.3884735107422
359.64798,116.0,237.82398986816406
354.7233,96.0,225.3616485595703
358.78705,109.0,233.89352416992188
345.99954,69.0,207.49977111816406
413.9449,286.99666666666667,350.47077596028646
386.5198,206.0,296.25990295410156
376.1418,170.0,273.07090759277344
402.08255,249.99,326.03627502441407
329.01395,8.0,168.50697326660156
605.33,768.1566666666666,686.7433418782553
358.32108,117.0,237.66053771972656
327.7863,3.0,165.3931427001953
433.87518,349.00666666666666,391.4409248860677
345.8359,62.0,203.91795349121094
332.72537,21.0,176.86268615722656
329.9517,11.0,170.47584533691406
429.71115,337.0,383.35557556152344
328.10245,8.0,168.0512237548828
359.57443,117.0,238.28721618652344
353.95297,93.0,223.4764862060547
356.90622,109.0,232.95310974121094
347.2396,67.0,207.1197967529297
354.16138,93.0,223.5806884765625
329.19247,7.0,168.0962371826172
563.68964,671.39,617.5398181152343
444.4318,374.99666666666667,409.71422993977865
640.52594,837.4833333333333,739.0046366373698
390.19363,211.0,300.59681701660156
345.23517,61.0,203.11758422851562
369.81186,154.0,261.9059295654297
338.66983,39.0,188.8349151611328
327.60458,1.0,164.3022918701172
335.6378,25.0,180.3188934326172
455.2952,398.02,426.65759826660155
407.1815,265.99333333333334,336.58741068522136
330.694,4.0,167.3470001220703
346.22488,67.0,206.61244201660156
350.30142,79.0,214.6507110595703
474.10812,448.93,461.51906188964847
376.86203,173.0,274.93101501464844
335.0162,28.0,181.5081024169922
459.3323,414.0,436.66615295410156
507.83868,541.1133333333333,524.4760087076822
341.09256,52.0,196.54627990722656
381.97748,190.0,285.9887390136719
469.44577,437.99666666666667,453.7212184651693
443.59116,374.0,408.7955780029297
418.76297,302.0,360.38148498535156
364.72092,138.0,251.36045837402344
421.44293,306.00333333333333,363.7231327311198
326.91653,3.0,164.95826721191406
354.66238,98.0,226.33119201660156
475.1434,451.99333333333334,463.56836771647136
340.4682,44.0,192.23410034179688
467.21207,429.98,448.5960333251953
359.0922,118.0,238.5460968017578
359.5389,116.0,237.7694549560547
341.11163,39.0,190.05581665039062
526.2526,580.74,553.4963122558594
377.8483,176.0,276.9241485595703
363.93744,134.0,248.96871948242188
421.75293,308.0,364.87646484375
423.19205,316.0,369.5960235595703
493.35544,498.9533333333333,496.1543857828776
339.01608,36.0,187.50804138183594
336.0618,28.0,182.03089904785156
372.43484,163.0,267.71742248535156
551.4786,642.13,596.8042883300782
327.8398,7.0,167.41990661621094
330.32687,5.0,167.66343688964844
543.2165,624.11,583.6632458496094
489.90427,488.98333333333335,489.4437998453776
367.69473,147.0,257.3473663330078
331.35623,14.0,172.67811584472656
333.01694,19.0,176.0084686279297
331.9761,10.0,170.98805236816406
334.1852,26.0,180.0926055908203
358.4664,113.0,235.7332000732422
339.68735,43.0,191.3436737060547
400.49283,249.00333333333333,324.748080851237
349.81113,78.0,213.9055633544922
428.78482,328.00666666666666,378.39574361165364
566.59,677.93,622.2600134277343
412.50357,281.0,346.7517852783203
478.0286,462.95666666666665,470.4926308186849
336.66055,28.0,182.3302764892578
398.44406,240.0,319.22203063964844
330.51474,9.0,169.7573699951172
477.45465,459.97333333333336,468.7139921061198
373.2668,165.0,269.13340759277344
329.9228,5.0,167.46139526367188
473.0197,448.97333333333336,460.99652384440105
387.5464,210.0,298.773193359375
399.15057,242.99666666666667,321.0736201985677
423.60867,319.00333333333333,371.3060032145182
361.53342,129.0,245.26670837402344
541.1879,620.5233333333333,580.8556302897135
346.21442,64.0,205.10720825195312
495.50674,515.04,505.2733721923828
343.66074,52.0,197.8303680419922
376.6547,172.0,274.3273468017578
370.3953,154.0,262.19764709472656
398.28568,241.0,319.64283752441406
396.85983,235.0,315.92991638183594
352.72287,89.0,220.86143493652344
396.46652,234.0,315.23326110839844
423.6387,319.00333333333333,371.3210178629557
335.54498,25.0,180.27249145507812
350.32483,87.0,218.66241455078125
400.51266,249.01,324.76133239746093
416.13705,292.0,354.0685272216797
381.54706,188.0,284.7735290527344
328.82373,8.0,168.411865234375
366.12936,145.0,255.56468200683594
366.37222,138.0,252.1861114501953
335.48273,26.0,180.74136352539062
441.98886,363.97,402.9794305419922
392.03494,222.0,307.01747131347656
559.24493,659.1266666666667,609.1858003743489
330.43927,6.0,168.21963500976562
420.98593,306.00333333333333,363.49463236490885
333.62607,16.0,174.8130340576172
350.62494,88.0,219.31246948242188
326.79388,4.0,165.39694213867188
496.75723,512.9266666666666,504.8419496663411
443.78293,376.04,409.9114642333984
382.42935,192.0,287.2146759033203
509.5637,546.8066666666666,528.1851784261067
442.29794,367.97333333333336,405.13563822428387
330.18723,11.0,170.59361267089844
366.96674,149.0,257.9833679199219
331.82935,16.0,173.9146728515625
365.0361,132.0,248.51805114746094
329.52396,6.0,167.76197814941406
406.09732,263.0,334.5486602783203
347.6851,72.0,209.84254455566406
334.57837,25.0,179.7891845703125
402.82272,252.0,327.41136169433594
386.7033,209.0,297.8516540527344
356.45807,103.0,229.72903442382812
436.5607,354.0133333333333,395.287016398112
525.1276,579.87,552.4988122558593
346.09616,60.0,203.04808044433594
408.59464,273.0,340.7973175048828
359.7081,112.0,235.8540496826172
464.11343,421.0466666666667,442.5800502522786
343.9731,62.0,202.98655700683594
349.7598,75.0,212.37989807128906
542.6993,617.5033333333333,580.1013065592448
372.45074,162.0,267.2253723144531
428.89557,328.0,378.4477844238281
328.52325,5.0,166.76162719726562
333.8743,18.0,175.93714904785156
373.61502,166.0,269.80751037597656
443.73514,375.03333333333336,409.3842356363932
348.93082,73.0,210.9654083251953
587.1733,729.6933333333334,658.4333060709636
344.15356,56.0,200.0767822265625
327.47134,2.0,164.7356719970703
363.7021,129.0,246.35104370117188
448.0961,382.00333333333333,415.0497165934245
330.14136,13.0,171.5706787109375
395.7994,232.0,313.8997039794922
389.5975,210.0,299.7987518310547
329.8894,6.0,167.9447021484375
405.31873,260.0,332.65936279296875
643.19,843.41,743.300001220703
400.50943,247.0,323.7547149658203
331.46396,11.0,171.2319793701172
471.1133,441.01666666666665,456.0649892171224
437.8843,354.0133333333333,395.9488205973307
431.3252,342.00333333333333,386.66426432291667
393.4885,225.0,309.24424743652344
393.76413,225.0,309.38206481933594
355.77383,108.0,231.8869171142578
339.155,37.0,188.07749938964844
420.1072,302.0,361.05360412597656
359.48135,113.0,236.2406768798828
396.6241,236.0,316.3120574951172
374.46335,166.0,270.23167419433594
329.09225,10.0,169.54612731933594
393.66318,227.0,310.3315887451172
352.05264,87.0,219.5263214111328
350.33588,77.0,213.66793823242188
355.95657,108.0,231.97828674316406
633.2801,822.6533333333333,727.9667118326822
349.47766,82.0,215.73883056640625
328.82217,5.0,166.9110870361328
347.13107,73.0,210.06553649902344
361.106,123.0,242.05299377441406
435.44556,349.93,392.68777832031253
395.0991,228.0,311.54954528808594
388.71048,209.0,298.85523986816406
362.21335,125.0,243.60667419433594
379.62845,183.0,281.31422424316406
423.35672,317.00333333333333,370.1800266520182
334.2813,22.0,178.14065551757812
330.6747,9.0,169.8373565673828
377.36624,175.0,276.18312072753906
394.3304,225.0,309.6652069091797
347.5778,73.0,210.2888946533203
396.68442,232.0,314.3422088623047
369.8396,153.0,261.4197998046875
384.9921,195.0,289.9960479736328
378.19504,178.0,278.09751892089844
353.15656,94.0,223.57827758789062
481.9966,470.0466666666667,476.0216396077474
445.2986,376.0133333333333,410.6559739176432
411.68112,282.0,346.84056091308594
329.49396,3.0,166.24697875976562
363.46414,134.0,248.73207092285156
370.1774,153.0,261.5886993408203
431.0068,333.99666666666667,382.5017360432943
423.6811,313.0,368.3405456542969
415.04117,286.99666666666667,351.01891743977865
423.93484,315.0,369.46742248535156
603.43884,760.3933333333333,681.9160880533855
359.83386,123.0,241.41693115234375
473.2416,446.00333333333333,459.6224704996745
376.1904,173.0,274.59519958496094
486.1935,482.93333333333334,484.563422648112
452.4714,393.98,423.22570251464845
378.7576,180.0,279.37879943847656
492.7313,497.97333333333336,495.35231302897137
341.096,44.0,192.54800415039062
330.91956,6.0,168.45977783203125
339.48743,41.0,190.24371337890625
365.61633,137.0,251.30816650390625
467.17017,432.96666666666664,450.06841634114585
332.18533,16.0,174.09266662597656
333.16214,19.0,176.08106994628906
462.42352,412.99666666666667,437.7100948079427
343.51547,55.0,199.2577362060547
470.53806,446.99666666666667,458.7673610432943
330.99466,13.0,171.99732971191406
337.2315,31.0,184.11575317382812
402.05148,249.00333333333333,325.5274082438151
330.27707,11.0,170.63853454589844
379.24005,185.0,282.1200256347656
355.36752,100.0,227.6837615966797
480.6749,465.0133333333333,472.84411478678385
355.0894,95.0,225.04469299316406
393.95798,224.0,308.97898864746094
435.5777,351.99666666666667,393.78718221028646
330.9183,8.0,169.4591522216797
397.11288,236.0,316.5564422607422
352.67133,95.0,223.83566284179688
383.59082,192.0,287.79541015625
409.06076,271.0,340.03038024902344
347.6079,75.0,211.303955078125
353.9738,96.0,224.9868927001953
347.98108,78.0,212.99053955078125
398.04953,238.0,318.02476501464844
357.34085,107.0,232.17042541503906
373.14816,163.0,268.07408142089844
402.7139,255.0,328.85694885253906
354.10153,93.0,223.55076599121094
457.0339,406.00333333333333,431.5186191813151
460.41537,418.97,439.6926873779297
345.00406,61.0,203.0020294189453
378.76324,181.0,279.8816223144531
415.39386,292.0,353.6969299316406
418.9374,302.0,360.4687042236328
363.74753,134.0,248.87376403808594
328.3256,7.0,167.6627960205078
327.46365,3.0,165.23182678222656
474.76212,451.99666666666667,463.37939107259115
327.90836,2.0,164.9541778564453
353.57004,96.0,224.78501892089844
330.09564,10.0,170.04782104492188
356.61484,109.0,232.8074188232422
352.3815,95.0,223.6907501220703
333.25507,21.0,177.12753295898438
344.6456,60.0,202.3227996826172
542.16656,614.96,578.5632824707031
447.70932,391.99333333333334,419.85132670084636
378.44095,178.0,278.22047424316406
351.698,85.0,218.3489990234375
345.8948,60.0,202.94740295410156
330.8616,7.0,168.93080139160156
347.60175,72.0,209.80087280273438
392.88412,226.0,309.4420623779297
376.7932,173.0,274.8966064453125
330.46213,7.0,168.73106384277344
419.1252,304.0,361.56260681152344
332.90314,16.0,174.45156860351562
462.9359,426.74,444.83795654296875
348.7325,70.0,209.3662567138672
329.44205,10.0,169.7210235595703
330.8842,12.0,171.4420928955078
440.8438,361.0,400.9219055175781
355.94327,101.0,228.4716339111328
341.19284,46.0,193.59642028808594
476.65604,454.98333333333335,465.81968485514324
330.6849,8.0,169.3424530029297
479.12952,461.89666666666665,470.5130916341146
329.40396,10.0,169.7019805908203
438.7611,356.98,397.87055419921876
343.14032,52.0,197.57015991210938
382.8623,194.0,288.43115234375
422.10138,313.0,367.5506896972656
512.26056,546.77,529.5152795410156
336.48013,29.0,182.7400665283203
463.98737,428.51666666666665,446.25201619466145
364.03616,134.0,249.01808166503906
328.7479,7.0,167.8739471435547
329.5944,9.0,169.2971954345703
416.52878,293.0,354.76438903808594
336.54578,31.0,183.77288818359375
378.7075,183.0,280.85374450683594
347.91248,75.0,211.45623779296875
398.74695,241.0,319.87347412109375
339.21957,42.0,190.6097869873047
379.7944,182.0,280.89720153808594
327.88235,4.0,165.94117736816406
445.37143,379.97,412.6707147216797
405.327,259.0,332.1634979248047
359.76407,120.0,239.8820343017578
329.6694,8.0,168.83470153808594
342.89334,57.0,199.94667053222656
501.7545,524.9866666666667,513.3705763753255
431.2429,338.03,384.6364447021484
599.4792,748.7433333333333,674.111260172526
337.47208,31.0,184.2360382080078
410.90115,275.99666666666667,343.4489101155599
357.1152,115.0,236.05760192871094
392.38174,222.0,307.1908721923828
490.09738,487.01,488.55369079589843
362.02676,125.0,243.5133819580078
370.25583,156.0,263.12791442871094
329.17374,9.0,169.0868682861328
352.95978,90.0,221.47988891601562
330.90622,11.0,170.95310974121094
336.49988,30.0,183.24993896484375
371.85855,162.0,266.9292755126953
342.58853,46.0,194.2942657470703
331.29922,12.0,171.6496124267578
410.08636,275.0,342.5431823730469
468.71976,445.0,456.85987854003906
365.2469,142.0,253.62344360351562
328.00864,3.0,165.5043182373047
368.66116,151.0,259.83058166503906
489.21066,492.03333333333336,490.6219980875651
367.65585,143.0,255.3279266357422
427.80173,328.00666666666666,377.90419698079427
378.088,179.0,278.54400634765625
367.07074,149.0,258.0353698730469
379.74136,181.0,280.3706817626953
392.43906,221.0,306.7195281982422
331.6628,17.0,174.33140563964844
339.91843,43.0,191.45921325683594
599.6701,749.2266666666667,674.4483858235677
389.3748,215.0,302.18739318847656
355.79614,97.0,226.3980712890625
409.11526,269.0,339.05763244628906
327.34106,2.0,164.6705322265625
351.5214,87.0,219.2606964111328
345.06607,59.0,202.0330352783203
357.82773,109.0,233.4138641357422
369.1146,151.0,260.0572967529297
405.6757,265.00333333333333,335.3395115152995
352.9257,96.0,224.4628448486328
376.87296,174.0,275.4364776611328
341.8181,41.0,191.4090576171875
529.40704,592.7733333333333,561.0901883951823
338.73264,39.0,188.86631774902344
402.47977,251.0,326.73988342285156
327.3459,3.0,165.17294311523438
516.27594,553.8633333333333,535.0696366373697
388.14536,209.0,298.5726776123047
385.50296,201.0,293.25148010253906
385.59595,202.0,293.7979736328125
369.53983,152.0,260.76991271972656
554.76855,653.0933333333334,603.9309440104166
328.85867,9.0,168.92933654785156
334.0879,12.0,173.0439453125
329.3821,9.0,169.19105529785156
518.9967,570.76,544.8783520507812
409.67044,275.00333333333333,342.3368870035807
328.24716,3.0,165.6235809326172
476.06995,448.9633333333333,462.51663981119793
348.79477,78.0,213.3973846435547
365.33392,139.0,252.16696166992188
350.84482,82.0,216.4224090576172
530.1579,598.6633333333333,564.4106156412761
623.47614,807.2433333333333,715.3597342936198
338.054,35.0,186.52699279785156
381.63718,190.0,285.81858825683594
423.27603,314.0,368.6380157470703
332.93872,16.0,174.4693603515625
358.7651,116.0,237.38255310058594
386.0989,200.0,293.04945373535156
390.2113,213.0,301.60565185546875
416.65024,297.00333333333333,356.82678568522135
435.00275,347.9266666666667,391.464706624349
334.82986,18.0,176.41493225097656
347.82217,67.0,207.4110870361328
343.63495,59.0,201.31747436523438
325.9744,1.0,163.48719787597656
456.77344,403.97,430.37171875
374.66483,168.0,271.33241271972656
374.26938,168.0,271.1346893310547
491.68265,492.0233333333333,491.8529905192057
372.54355,161.0,266.7717742919922
408.33377,268.0,338.16688537597656
335.554,29.0,182.27699279785156
329.09393,7.0,168.04696655273438
475.76663,455.99333333333334,465.87998270670573
351.13156,84.0,217.56578063964844
392.5392,222.0,307.2696075439453
422.49075,311.0,366.74537658691406
342.3066,46.0,194.15330505371094
577.3364,701.9933333333333,639.6648795572917
335.52707,27.0,181.26353454589844
347.91415,69.0,208.4570770263672
347.60776,69.0,208.3038787841797
329.64993,12.0,170.82496643066406
391.68753,216.0,303.84376525878906
346.03058,65.0,205.51528930664062
437.47025,359.0,398.23512268066406
331.9466,17.0,174.47329711914062
363.75995,134.0,248.87997436523438
459.11087,414.97,437.0404351806641
334.2764,21.0,177.63819885253906
356.7701,108.0,232.3850555419922
411.0211,278.0233333333333,344.52221048990884
404.22647,256.0,330.1132354736328
340.11832,44.0,192.0591583251953
340.9415,50.0,195.4707489013672
383.89505,197.0,290.44752502441406
327.8812,4.0,165.9405975341797
487.34213,488.01,487.6760662841797
328.49826,5.0,166.74913024902344
452.72836,393.99333333333334,423.36084818522136
356.96408,109.0,232.98204040527344
410.88556,274.0,342.4427795410156
384.53275,200.0,292.26637268066406
350.2943,87.0,218.64715576171875
365.9313,136.0,250.9656524658203
409.53525,275.0,342.2676239013672
327.3831,4.0,165.69154357910156
329.5834,8.0,168.7917022705078
327.4982,4.0,165.7490997314453
344.13193,59.0,201.5659637451172
360.7767,129.0,244.8883514404297
330.94437,12.0,171.47218322753906
346.69785,63.0,204.8489227294922
326.61984,2.0,164.30992126464844
328.52386,7.0,167.76193237304688
367.94626,148.0,257.97312927246094
356.61917,106.0,231.30958557128906
408.77884,270.0,339.38941955566406
330.02405,9.0,169.51202392578125
330.99625,14.0,172.4981231689453
485.75162,484.8833333333333,485.317475382487
327.25204,4.0,165.6260223388672
356.5176,112.0,234.25880432128906
330.1296,14.0,172.06480407714844
473.548,446.00333333333333,459.775668741862
430.774,335.99333333333334,383.3836600748698
327.26553,5.0,166.1327667236328
418.4484,300.0,359.2241973876953
328.58786,7.0,167.79393005371094
344.90878,56.0,200.4543914794922
336.94577,34.0,185.47288513183594
356.76364,105.0,230.88182067871094
339.63535,46.0,192.8176727294922
332.08966,17.0,174.54483032226562
329.92606,2.0,165.96302795410156
333.06192,14.0,173.5309600830078
423.8263,319.0,371.41314697265625
413.37897,285.0,349.1894836425781
383.8739,193.0,288.43695068359375
427.97253,328.00333333333333,377.9879337565104
327.8937,6.0,166.9468536376953
334.48193,16.0,175.240966796875
398.00797,238.0,318.0039825439453
405.6108,261.0,333.30540466308594
428.25583,328.0,378.12791442871094
360.0713,121.0,240.53564453125
329.17856,8.0,168.5892791748047
410.6221,276.0,343.31105041503906
371.47073,155.0,263.23536682128906
384.97498,198.0,291.48748779296875
382.83157,192.0,287.41578674316406
510.44635,549.19,529.8181750488282
374.4029,167.0,270.7014465332031
361.31128,119.0,240.1556396484375
340.18478,39.0,189.59239196777344
327.5519,3.0,165.2759552001953
336.34964,31.0,183.67481994628906
366.4189,139.0,252.70945739746094
442.95667,372.99333333333334,407.9749991861979
354.9155,97.0,225.95774841308594
334.51968,24.0,179.2598419189453
625.55035,807.86,716.7051770019532
478.60666,462.9433333333333,470.77499613444013
549.179,636.7966666666666,592.9878413899739
342.58414,48.0,195.2920684814453
328.24213,1.0,164.62106323242188
327.82114,7.0,167.4105682373047
341.34445,40.0,190.67222595214844
352.65445,85.0,218.8272247314453
329.94757,12.0,170.97378540039062
354.34497,95.0,224.6724853515625
345.823,69.0,207.4114990234375
363.9508,133.0,248.47540283203125
351.51028,87.0,219.25514221191406
327.99088,1.0,164.4954376220703
442.2015,369.88,406.0407537841797
379.5807,183.0,281.29034423828125
335.92087,26.0,180.96043395996094
355.834,102.0,228.91700744628906
368.6724,150.0,259.33619689941406
407.31033,265.99333333333334,336.65183329264323
328.35397,6.0,167.17698669433594
352.44592,88.0,220.22296142578125
329.59335,3.0,166.2966766357422
343.8906,60.0,201.94529724121094
442.40717,365.0133333333333,403.71024943033854
340.6881,52.0,196.34405517578125
331.958,11.0,171.47900390625
336.46194,25.0,180.73097229003906
500.8975,517.7066666666667,509.3020790608724
338.8917,33.0,185.9458465576172
559.76324,667.81,613.7866223144531
429.0452,333.99,381.51759826660157
402.0469,249.0,325.52345275878906
464.1627,428.1566666666667,446.15967793782556
362.2861,126.0,244.14305114746094
340.8573,44.0,192.42864990234375
401.7869,249.99333333333334,325.89011454264323
365.17258,140.0,252.58628845214844
362.17007,127.0,244.5850372314453
361.31815,118.0,239.65907287597656
328.74402,2.0,165.37200927734375
355.93076,102.0,228.9653778076172
456.4891,400.92333333333335,428.7062192789714
383.43027,192.0,287.7151336669922
329.24265,9.0,169.12132263183594
364.53537,135.0,249.76768493652344
333.46548,22.0,177.7327423095703
327.9819,5.0,166.49095153808594
337.2197,32.0,184.60984802246094
449.67087,392.02,420.8454339599609
368.44724,146.0,257.22361755371094
336.68832,27.0,181.8441619873047
467.35507,434.95,451.1525360107422
351.7421,89.0,220.3710479736328
388.3807,211.0,299.6903533935547
483.71436,473.9533333333333,478.8338444010417
513.1988,549.91,531.554395751953
329.22623,6.0,167.6131134033203
467.69705,434.95666666666665,451.3268593343099
356.51215,105.0,230.75607299804688
343.72678,50.0,196.86338806152344
504.2493,523.6433333333333,513.9463157145183
346.52582,63.0,204.76290893554688
329.09814,7.0,168.049072265625
413.0754,286.0,349.53770446777344
368.07187,148.0,258.0359344482422
394.63605,228.0,311.3180236816406
332.3904,11.0,171.69520568847656
338.71298,38.0,188.3564910888672
458.7242,405.0133333333333,431.86877298990885
377.77927,180.0,278.88963317871094
393.9957,225.0,309.4978485107422
327.5145,5.0,166.2572479248047
341.80927,43.0,192.40463256835938
421.5576,309.01,365.28379333496093
441.52155,363.00333333333333,402.2624393717448
328.48566,6.0,167.24282836914062
344.18063,55.0,199.59031677246094
336.96732,30.0,183.48365783691406
326.95578,3.0,164.97789001464844
369.31137,152.0,260.6556854248047
359.90018,124.0,241.95008850097656
328.42337,2.0,165.21168518066406
346.2462,71.0,208.6230926513672
482.18182,470.0466666666667,476.1142451985677
411.9484,279.99,345.9691973876953
386.74893,206.0,296.3744659423828
336.4305,31.0,183.7152557373047
430.02933,335.00333333333333,382.5163303629557
339.89713,37.0,188.4485626220703
342.44284,51.0,196.72142028808594
352.0756,92.0,222.0377960205078
328.1058,2.0,165.0529022216797
336.513,32.0,184.25650024414062
354.6075,104.0,229.3037567138672
354.67697,97.0,225.83848571777344
340.33377,40.0,190.16688537597656
337.57748,33.0,185.2887420654297
353.20233,92.0,222.60116577148438
350.92996,85.0,217.96498107910156
343.747,59.0,201.37350463867188
479.89633,460.61333333333334,470.25483256022136
392.0297,220.0,306.0148468017578
402.86658,251.0,326.93328857421875
344.00333,62.0,203.0016632080078
338.59683,35.0,186.7984161376953
357.31406,108.0,232.6570281982422
524.5595,575.81,550.1847546386718
327.11563,3.0,165.0578155517578
368.28998,148.0,258.1449890136719
338.52457,36.0,187.2622833251953
332.23416,17.0,174.61708068847656
346.87506,68.0,207.43753051757812
464.8347,422.99333333333334,443.9140098063151
395.48465,230.0,312.74232482910156
357.5721,108.0,232.7860565185547
349.8594,86.0,217.92970275878906
471.69943,449.92333333333335,460.81138285319014
350.13058,75.0,212.56529235839844
386.2632,204.0,295.13160705566406
455.54404,408.9866666666667,432.2653517659505
329.2361,5.0,167.11805725097656
435.65027,354.01666666666665,394.8334676106771
448.89825,392.0,420.4491271972656
328.7345,6.0,167.36724853515625
355.6559,107.0,231.3279571533203
331.0289,9.0,170.0144500732422
377.16037,179.0,278.08018493652344
492.54584,495.93666666666667,494.24125203450524
429.21112,333.99333333333334,381.60222696940104
353.83975,96.0,224.9198760986328
419.04703,300.0,359.5235137939453
486.5851,480.9866666666667,483.78589009602865
475.6981,454.9766666666667,465.33737813313803
336.5886,30.0,183.29429626464844
513.4327,552.0533333333333,532.7430057779948
449.98566,397.99666666666667,423.99116170247396
382.3281,194.0,288.16404724121094
365.2399,138.0,251.6199493408203
653.4642,866.46,759.9620861816406
337.06937,31.0,184.03468322753906
333.1979,16.0,174.5989532470703
479.071,462.96,471.01550720214846
471.6523,447.91,459.781156616211
361.16556,126.0,243.58277893066406
378.43082,181.0,279.7154083251953
356.9267,106.0,231.46334838867188
333.11417,20.0,176.5570831298828
350.3273,81.0,215.6636505126953
336.84555,21.0,178.9227752685547
465.30127,426.81333333333333,446.05730143229164
